# WaveFront *.obj file (generated by Autodesk ATF)

mtllib umi_pen_end_effector_adapter v2.mtl

g Pen End Effector Adapter

v 0.000000 1.400000 1.003133
v 0.000000 4.454941 1.003133
v 0.000000 4.454941 0.818002
v 0.000000 1.400000 0.818002
v 0.000000 4.454941 1.996867
v 0.000000 1.400000 1.996867
v 0.000000 1.400000 2.200000
v 0.000000 4.454941 2.200000
v -0.049451 1.400000 2.069660
v -0.105426 1.400000 2.137566
v -0.167444 1.400000 2.200000
v -0.148359 1.400000 0.818002
v -0.093807 1.400000 0.875509
v -0.044239 1.400000 0.937363
v -1.451968 1.400000 2.200000
v -1.596100 1.400000 2.032995
v -1.697829 1.400000 1.837250
v -1.751668 1.400000 1.623319
v -1.754714 1.400000 1.402739
v -1.706803 1.400000 1.187403
v -1.610519 1.400000 0.988924
v -1.471052 1.400000 0.818002
v -1.672770 1.400000 0.818002
v -1.718794 1.400000 0.880679
v -1.760275 1.400000 0.946450
v -1.797007 1.400000 1.014988
v -1.797007 1.400000 0.818002
v -2.000000 1.400000 0.818002
v -2.000000 1.400000 2.200000
v -1.797007 1.400000 2.200000
v -1.797007 1.400000 1.985012
v -1.756371 1.400000 2.060201
v -1.710020 1.400000 2.132008
v -1.658234 1.400000 2.200000
v -0.167444 4.454941 2.200000
v -0.148359 4.454941 0.818002
v -1.672770 4.256467 0.818002
v -1.672770 4.050427 0.818002
v -1.820000 4.061460 0.818002
v -1.820000 4.256467 0.818002
v -1.672770 3.849866 0.818002
v -1.672770 3.639801 0.818002
v -1.820000 3.661991 0.818002
v -1.820000 3.860899 0.818002
v -1.672770 3.437542 0.818002
v -1.672770 3.219793 0.818002
v -1.820000 3.253396 0.818002
v -1.820000 3.459732 0.818002
v -1.672770 3.014650 0.818002
v -1.672770 2.785168 0.818002
v -1.820000 2.830581 0.818002
v -1.820000 3.048253 0.818002
v -1.672770 2.575871 0.818002
v -1.672770 2.329977 0.818002
v -1.820000 2.387758 0.818002
v -1.820000 2.621283 0.818002
v -1.672770 2.115126 0.818002
v -1.672770 1.847200 0.818002
v -1.820000 1.918099 0.818002
v -1.820000 2.172907 0.818002
v -1.471052 4.454941 0.818002
v -2.000000 4.454941 0.818002
v -1.820000 1.413275 0.818002
v -1.820000 1.696117 0.818002
v -1.672770 1.625218 0.818002
v -0.044239 4.454941 0.937363
v -0.093807 4.454941 0.875509
v -0.105426 4.454941 2.137566
v -0.049451 4.454941 2.069660
v -0.844921 4.454941 0.968356
v -0.987272 4.454941 0.987097
v -1.119921 4.454941 1.042042
v -1.233830 4.454941 1.129447
v -1.321235 4.454941 1.243356
v -1.376181 4.454941 1.376006
v -1.394921 4.454941 1.518356
v -1.376181 4.454941 1.660707
v -1.321235 4.454941 1.793356
v -1.233830 4.454941 1.907265
v -1.119921 4.454941 1.994670
v -0.987272 4.454941 2.049615
v -0.844921 4.454941 2.068356
v -0.702571 4.454941 2.049615
v -0.569921 4.454941 1.994670
v -0.456013 4.454941 1.907265
v -0.368607 4.454941 1.793356
v -0.313662 4.454941 1.660707
v -0.294921 4.454941 1.518356
v -0.313662 4.454941 1.376006
v -0.368607 4.454941 1.243356
v -0.456013 4.454941 1.129447
v -0.569921 4.454941 1.042042
v -0.702571 4.454941 0.987097
v -0.224364 4.454941 1.518356
v -0.245509 4.454941 1.678968
v -0.307503 4.454941 1.828635
v -0.406121 4.454941 1.957156
v -0.534643 4.454941 2.055774
v -0.684309 4.454941 2.117768
v -0.844921 4.454941 2.138913
v -1.005533 4.454941 2.117768
v -1.155200 4.454941 2.055774
v -1.283722 4.454941 1.957156
v -1.382340 4.454941 1.828635
v -1.444334 4.454941 1.678968
v -1.465479 4.454941 1.518356
v -1.444334 4.454941 1.357744
v -1.382340 4.454941 1.208078
v -1.283722 4.454941 1.079556
v -1.155200 4.454941 0.980938
v -1.005533 4.454941 0.918944
v -0.844921 4.454941 0.897799
v -0.684309 4.454941 0.918944
v -0.534643 4.454941 0.980938
v -0.406121 4.454941 1.079556
v -0.307503 4.454941 1.208078
v -0.245509 4.454941 1.357744
v -1.451968 4.454941 2.200000
v -1.658234 1.618218 2.200000
v -1.820000 1.696117 2.200000
v -1.820000 1.413275 2.200000
v -2.000000 4.454941 2.200000
v -1.658234 1.840200 2.200000
v -1.658234 2.109421 2.200000
v -1.820000 2.172907 2.200000
v -1.820000 1.918099 2.200000
v -1.658234 2.324272 2.200000
v -1.658234 2.571387 2.200000
v -1.820000 2.621283 2.200000
v -1.820000 2.387758 2.200000
v -1.658234 2.780685 2.200000
v -1.658234 3.011333 2.200000
v -1.820000 3.048253 2.200000
v -1.820000 2.830581 2.200000
v -1.658234 3.216476 2.200000
v -1.658234 3.435351 2.200000
v -1.820000 3.459732 2.200000
v -1.820000 3.253396 2.200000
v -1.658234 3.637610 2.200000
v -1.658234 3.848777 2.200000
v -1.820000 3.860899 2.200000
v -1.820000 3.661991 2.200000
v -1.658234 4.049338 2.200000
v -1.658234 4.256467 2.200000
v -1.820000 4.256467 2.200000
v -1.820000 4.061460 2.200000
v -1.610519 4.454941 0.988924
v -1.706803 4.454941 1.187403
v -1.754714 4.454941 1.402739
v -1.751668 4.454941 1.623319
v -1.697829 4.454941 1.837250
v -1.596100 4.454941 2.032995
v -1.820000 2.172907 2.663533
v -1.820000 1.918099 2.663533
v -1.820000 2.621283 2.663533
v -1.820000 2.387758 2.663533
v -1.820000 3.048253 2.663533
v -1.820000 2.830581 2.663533
v -1.820000 3.459732 2.663533
v -1.820000 3.253396 2.663533
v -1.820000 3.860899 2.663533
v -1.820000 3.661991 2.663533
v -1.820000 4.256467 2.663533
v -1.820000 4.061460 2.663533
v -1.820000 1.413275 2.663533
v -1.446976 1.197919 2.663533
v -1.446976 1.197919 2.396597
v -1.647655 1.313775 2.212630
v -1.820000 1.413275 0.083533
v -1.820000 1.696117 0.083533
v -1.647655 1.313775 0.787370
v -1.446976 1.197919 0.603403
v -1.446976 1.197919 0.083533
v -1.820000 1.918099 0.083533
v -1.820000 2.172907 0.083533
v -1.450480 2.027887 2.394096
v -1.199919 1.929553 2.528462
v -0.923289 1.820988 2.594120
v -0.639071 1.709445 2.586685
v -0.366253 1.602377 2.506653
v -0.123060 1.506934 2.359370
v 0.074262 1.429494 2.154677
v 0.212529 1.375231 1.906247
v 0.282504 1.347768 1.630678
v 0.279514 1.348942 1.346378
v 0.203758 1.378673 1.072342
v 0.060296 1.434975 0.826875
v -0.141287 1.514088 0.626377
v -0.387524 1.610725 0.484243
v -0.661966 1.718431 0.409967
v -0.946277 1.830010 0.408511
v -1.221465 1.938009 0.479973
v -1.469144 2.035212 0.619579
v 0.664331 1.197919 0.083533
v 0.664331 1.197919 2.663533
v -1.497584 1.762838 0.641615
v -1.287263 1.661557 0.509072
v -1.052550 1.548530 0.427141
v -0.805434 1.429531 0.400008
v -0.558536 1.310636 0.429059
v -0.324467 1.197919 0.512810
v -0.324467 1.197919 0.083533
v -1.820000 2.387758 0.083533
v -1.820000 2.621283 0.083533
v -1.450480 2.507306 2.394096
v -1.199919 2.430021 2.528462
v -0.923289 2.344695 2.594120
v -0.639071 2.257029 2.586685
v -0.366253 2.172879 2.506653
v -0.123060 2.097867 2.359370
v 0.074262 2.037004 2.154677
v 0.212529 1.994356 1.906247
v 0.282504 1.972772 1.630678
v 0.279514 1.973694 1.346378
v 0.203758 1.997061 1.072342
v 0.060296 2.041312 0.826875
v -0.141287 2.103489 0.626377
v -0.387524 2.179440 0.484243
v -0.661966 2.264091 0.409967
v -0.946277 2.351786 0.408511
v -1.221465 2.436667 0.479973
v -1.469144 2.513063 0.619579
v 0.917514 1.776905 0.083533
v 0.917514 1.776905 2.663533
v -1.820000 2.830581 0.083533
v -1.820000 3.048253 0.083533
v -1.450480 2.963916 2.394096
v -1.199919 2.906729 2.528462
v -0.923289 2.843593 2.594120
v -0.639071 2.778724 2.586685
v -0.366253 2.716458 2.506653
v -0.123060 2.660952 2.359370
v 0.074262 2.615917 2.154677
v 0.212529 2.584360 1.906247
v 0.282504 2.568389 1.630678
v 0.279514 2.569071 1.346378
v 0.203758 2.586361 1.072342
v 0.060296 2.619104 0.826875
v -0.141287 2.665113 0.626377
v -0.387524 2.721312 0.484243
v -0.661966 2.783950 0.409967
v -0.946277 2.848839 0.408511
v -1.221465 2.911647 0.479973
v -1.469144 2.968176 0.619579
v 1.029209 2.397965 0.083533
v 1.029209 2.397965 2.663533
v -1.820000 3.253396 0.083533
v -1.820000 3.459732 0.083533
v -1.450480 3.404038 2.394096
v -1.199919 3.366274 2.528462
v -0.923289 3.324580 2.594120
v -0.639071 3.281743 2.586685
v -0.366253 3.240624 2.506653
v -0.123060 3.203969 2.359370
v 0.074262 3.174229 2.154677
v 0.212529 3.153390 1.906247
v 0.282504 3.142843 1.630678
v 0.279514 3.143294 1.346378
v 0.203758 3.154712 1.072342
v 0.060296 3.176334 0.826875
v -0.141287 3.206717 0.626377
v -0.387524 3.243830 0.484243
v -0.661966 3.285193 0.409967
v -0.946277 3.328045 0.408511
v -1.221465 3.369521 0.479973
v -1.469144 3.406851 0.619579
v 1.126716 3.015603 0.083533
v 1.126716 3.015603 2.663533
v -1.820000 3.661991 0.083533
v -1.820000 3.860899 0.083533
v -1.450480 3.833208 2.394096
v -1.199919 3.814432 2.528462
v -0.923289 3.793702 2.594120
v -0.639071 3.772404 2.586685
v -0.366253 3.751960 2.506653
v -0.123060 3.733736 2.359370
v 0.074262 3.718949 2.154677
v 0.212529 3.708588 1.906247
v 0.282504 3.703344 1.630678
v 0.279514 3.703568 1.346378
v 0.203758 3.709245 1.072342
v 0.060296 3.719996 0.826875
v -0.141287 3.735102 0.626377
v -0.387524 3.753554 0.484243
v -0.661966 3.774120 0.409967
v -0.946277 3.795425 0.408511
v -1.221465 3.816047 0.479973
v -1.469144 3.834607 0.619579
v 1.210890 3.633774 0.083533
v 1.210890 3.633774 2.663533
v -1.820000 4.061460 0.083533
v -1.820000 4.256467 0.083533
v -1.450480 4.256467 2.394096
v -1.199919 4.256467 2.528462
v -0.923289 4.256467 2.594120
v -0.639071 4.256467 2.586685
v -0.366253 4.256467 2.506653
v -0.123060 4.256467 2.359370
v 0.074262 4.256467 2.154677
v 0.212529 4.256467 1.906247
v 0.282504 4.256467 1.630678
v 0.279514 4.256467 1.346378
v 0.203758 4.256467 1.072342
v 0.060296 4.256467 0.826875
v -0.141287 4.256467 0.626377
v -0.387524 4.256467 0.484243
v -0.661966 4.256467 0.409967
v -0.946277 4.256467 0.408511
v -1.221465 4.256467 0.479973
v -1.469144 4.256467 0.619579
v 1.282226 4.256467 0.083533
v 1.282226 4.256467 2.663533
v -0.224364 4.574055 1.518356
v -0.245509 4.574055 1.678968
v -0.307503 4.574055 1.828635
v -0.406121 4.574055 1.957156
v -0.534643 4.574055 2.055774
v -0.684309 4.574055 2.117768
v -0.844921 4.574055 2.138913
v -1.005533 4.574055 2.117768
v -1.155200 4.574055 2.055774
v -1.283722 4.574055 1.957156
v -1.382340 4.574055 1.828635
v -1.444334 4.574055 1.678968
v -1.465479 4.574055 1.518356
v -1.444334 4.574055 1.357744
v -1.382340 4.574055 1.208078
v -1.283722 4.574055 1.079556
v -1.155200 4.574055 0.980938
v -1.005533 4.574055 0.918944
v -0.844921 4.574055 0.897799
v -0.684309 4.574055 0.918944
v -0.534643 4.574055 0.980938
v -0.406121 4.574055 1.079556
v -0.307503 4.574055 1.208078
v -0.245509 4.574055 1.357744
v -0.844921 4.500000 2.068356
v -0.702571 4.500000 2.049615
v -0.569921 4.500000 1.994670
v -0.456013 4.500000 1.907265
v -0.368607 4.500000 1.793356
v -0.313662 4.500000 1.660707
v -0.294921 4.500000 1.518356
v -0.313662 4.500000 1.376006
v -0.368607 4.500000 1.243356
v -0.456013 4.500000 1.129447
v -0.569921 4.500000 1.042042
v -0.702571 4.500000 0.987097
v -0.844921 4.500000 0.968356
v -0.987272 4.500000 0.987097
v -1.119921 4.500000 1.042042
v -1.233830 4.500000 1.129447
v -1.321235 4.500000 1.243356
v -1.376181 4.500000 1.376006
v -1.394921 4.500000 1.518356
v -1.376181 4.500000 1.660707
v -1.321235 4.500000 1.793356
v -1.233830 4.500000 1.907265
v -1.119921 4.500000 1.994670
v -0.987272 4.500000 2.049615
v -0.809706 -4.725945 0.550000
v -0.563828 -4.725945 0.582370
v -0.334706 -4.725945 0.677276
v -0.137954 -4.725945 0.828249
v 0.013018 -4.725945 1.025000
v 0.107924 -4.725945 1.254122
v 0.140294 -4.725945 1.500000
v 0.107924 -4.725945 1.745878
v 0.013018 -4.725945 1.975000
v -0.137954 -4.725945 2.171751
v -0.334706 -4.725945 2.322724
v -0.563828 -4.725945 2.417630
v -0.809706 -4.725945 2.450000
v -1.055584 -4.725945 2.417630
v -1.284706 -4.725945 2.322724
v -1.481457 -4.725945 2.171751
v -1.632430 -4.725945 1.975000
v -1.727335 -4.725945 1.745878
v -1.759706 -4.725945 1.500000
v -1.727335 -4.725945 1.254122
v -1.632430 -4.725945 1.025000
v -1.481457 -4.725945 0.828249
v -1.284706 -4.725945 0.677276
v -1.055584 -4.725945 0.582370
v -0.809706 4.574055 0.550000
v -1.055584 4.574055 0.582370
v -1.284706 4.574055 0.677276
v -1.481457 4.574055 0.828249
v -1.632430 4.574055 1.025000
v -1.727335 4.574055 1.254122
v -1.759706 4.574055 1.500000
v -1.727335 4.574055 1.745878
v -1.632430 4.574055 1.975000
v -1.481457 4.574055 2.171751
v -1.284706 4.574055 2.322724
v -1.055584 4.574055 2.417630
v -0.809706 4.574055 2.450000
v -0.563828 4.574055 2.417630
v -0.334706 4.574055 2.322724
v -0.137954 4.574055 2.171751
v 0.013018 4.574055 1.975000
v 0.107924 4.574055 1.745878
v 0.140294 4.574055 1.500000
v 0.107924 4.574055 1.254122
v 0.013018 4.574055 1.025000
v -0.137954 4.574055 0.828249
v -0.334706 4.574055 0.677276
v -0.563828 4.574055 0.582370
v -0.809706 -0.075945 2.450000
v -1.284706 -0.075945 2.322724
v -1.481457 -0.075945 2.171751
v -1.481457 -0.075945 0.828249
v -1.284706 -0.075945 0.677276
v -1.632430 -0.075945 1.025000
v -1.727335 -0.075945 1.254122
v -1.759706 -0.075945 1.500000
v -1.727335 -0.075945 1.745878
v -1.632430 -0.075945 1.975000
v -0.137954 -0.075945 2.171751
v -0.334706 -0.075945 2.322724
v 0.013018 -0.075945 1.975000
v -0.137954 -0.075945 0.828249
v 0.013018 -0.075945 1.025000
v -0.334706 -0.075945 0.677276
v -0.563828 -0.075945 0.582370
v -0.809706 -0.075945 0.550000
v 0.107924 -0.075945 1.254122
v 0.140294 -0.075945 1.500000
v 0.107924 -0.075945 1.745878
v -0.563828 -0.075945 2.417630
v -1.055584 -0.075945 2.417630
v -1.055584 -0.075945 0.582370
v -1.482432 1.755542 2.370310
v -1.273320 1.654843 2.497528
v -1.041253 1.543090 2.575354
v -0.797722 1.425816 2.599935
v -0.554783 1.308828 2.570053
v -0.324467 1.197919 2.487190
v -0.472127 1.197919 2.546919
v -0.626864 1.197919 2.584698
v -0.785436 1.197919 2.599732
v -1.032236 1.316766 2.577256
v -1.267742 1.430175 2.500102
v -1.479999 1.532388 2.372185
v -1.640553 1.197919 2.220898
v -1.787202 1.197919 2.004481
v -1.878641 1.197919 1.759571
v -1.909706 1.197919 1.500000
v -1.878641 1.197919 1.240429
v -1.787202 1.197919 0.995519
v -1.640553 1.197919 0.779102
v -1.493675 1.538974 0.638497
v -1.278235 1.435228 0.504771
v -1.037898 1.319493 0.423929
v -0.785436 1.197919 0.400268
v -0.626864 1.197919 0.415302
v -0.472127 1.197919 0.453081
v -1.909706 -4.725945 1.500000
v -1.872224 -4.725945 1.784701
v -1.762334 -4.725945 2.050000
v -1.587523 -4.725945 2.277817
v -1.359706 -4.725945 2.452628
v -1.094407 -4.725945 2.562518
v -0.809706 -4.725945 2.600000
v -0.525005 -4.725945 2.562518
v -0.259706 -4.725945 2.452628
v -0.031888 -4.725945 2.277817
v 0.142922 -4.725945 2.050000
v 0.252812 -4.725945 1.784701
v 0.290294 -4.725945 1.500000
v 0.252812 -4.725945 1.215299
v 0.142922 -4.725945 0.950000
v -0.031888 -4.725945 0.722183
v -0.259706 -4.725945 0.547372
v -0.525005 -4.725945 0.437482
v -0.809706 -4.725945 0.400000
v -1.094407 -4.725945 0.437482
v -1.359706 -4.725945 0.547372
v -1.587523 -4.725945 0.722183
v -1.762334 -4.725945 0.950000
v -1.872224 -4.725945 1.215299
v -1.909706 -1.305409 1.500000
v -0.525005 -1.305409 2.562518
v -0.259706 -1.305409 2.452628
v -0.809706 -1.305409 2.600000
v -1.094407 -1.305409 2.562518
v -1.359706 -1.305409 2.452628
v -1.587523 -1.305409 2.277817
v -1.762334 -1.305409 2.050000
v -1.872224 -1.305409 1.784701
v -1.872224 -1.305409 1.215299
v -1.762334 -1.305409 0.950000
v -1.587523 -1.305409 0.722183
v -1.359706 -1.305409 0.547372
v -1.094407 -1.305409 0.437482
v -0.809706 -1.305409 0.400000
v -0.525005 -1.305409 0.437482
v -0.259706 -1.305409 0.547372
v -0.031888 -1.305409 0.722183
v 0.142922 -1.305409 0.950000
v 0.252812 -1.305409 1.215299
v 0.290294 -1.305409 1.500000
v 0.252812 -1.305409 1.784701
v 0.142922 -1.305409 2.050000
v -0.031888 -1.305409 2.277817
v -1.450480 2.242738 2.394096
v -1.199919 2.144404 2.528462
v -0.923289 2.035839 2.594120
v -0.639071 1.924296 2.586685
v -0.366253 1.817227 2.506653
v -0.123060 1.721785 2.359370
v 0.074262 1.644345 2.154677
v 0.212529 1.590082 1.906247
v 0.282504 1.562619 1.630678
v 0.279514 1.563793 1.346378
v 0.203758 1.593524 1.072342
v 0.060296 1.649826 0.826875
v -0.141287 1.728938 0.626377
v -0.387524 1.825575 0.484243
v -0.661966 1.933281 0.409967
v -0.946277 2.044861 0.408511
v -1.221465 2.152860 0.479973
v -1.469144 2.250063 0.619579
v -1.450480 2.716604 2.394096
v -1.199919 2.639319 2.528462
v -0.923289 2.553993 2.594120
v -0.639071 2.466327 2.586685
v -0.366253 2.382177 2.506653
v -0.123060 2.307165 2.359370
v 0.074262 2.246302 2.154677
v 0.212529 2.203654 1.906247
v 0.282504 2.182070 1.630678
v 0.279514 2.182992 1.346378
v 0.203758 2.206359 1.072342
v 0.060296 2.250610 0.826875
v -0.141287 2.312787 0.626377
v -0.387524 2.388738 0.484243
v -0.661966 2.473389 0.409967
v -0.946277 2.561084 0.408511
v -1.221465 2.645965 0.479973
v -1.469144 2.722361 0.619579
v -1.450480 3.169059 2.394096
v -1.199919 3.111872 2.528462
v -0.923289 3.048736 2.594120
v -0.639071 2.983867 2.586685
v -0.366253 2.921601 2.506653
v -0.123060 2.866095 2.359370
v 0.074262 2.821060 2.154677
v 0.212529 2.789503 1.906247
v 0.282504 2.773532 1.630678
v 0.279514 2.774214 1.346378
v 0.203758 2.791504 1.072342
v 0.060296 2.824247 0.826875
v -0.141287 2.870256 0.626377
v -0.387524 2.926455 0.484243
v -0.661966 2.989093 0.409967
v -0.946277 3.053982 0.408511
v -1.221465 3.116790 0.479973
v -1.469144 3.173319 0.619579
v -1.450480 3.606297 2.394096
v -1.199919 3.568533 2.528462
v -0.923289 3.526839 2.594120
v -0.639071 3.484002 2.586685
v -0.366253 3.442882 2.506653
v -0.123060 3.406228 2.359370
v 0.074262 3.376488 2.154677
v 0.212529 3.355648 1.906247
v 0.282504 3.345102 1.630678
v 0.279514 3.345552 1.346378
v 0.203758 3.356970 1.072342
v 0.060296 3.378593 0.826875
v -0.141287 3.408976 0.626377
v -0.387524 3.446089 0.484243
v -0.661966 3.487452 0.409967
v -0.946277 3.530304 0.408511
v -1.221465 3.571780 0.479973
v -1.469144 3.609110 0.619579
v -1.820000 4.456467 1.935093
v -1.673870 4.456467 2.180603
v -1.469442 4.456467 2.380198
v -1.220507 4.456467 2.520413
v -0.943858 4.456467 2.591789
v -0.658159 4.456467 2.589511
v -0.382683 4.456467 2.513732
v -0.136016 4.456467 2.369564
v 0.065203 4.456467 2.166734
v 0.207399 4.456467 1.918925
v 0.280979 4.456467 1.642854
v 0.280979 4.456467 1.357146
v 0.207399 4.456467 1.081075
v 0.065203 4.456467 0.833266
v -0.136016 4.456467 0.630436
v -0.382683 4.456467 0.486268
v -0.658159 4.456467 0.410489
v -0.943858 4.456467 0.408211
v -1.220507 4.456467 0.479587
v -1.469442 4.456467 0.619802
v -1.673870 4.456467 0.819397
v -1.820000 4.456467 1.064907
v -1.820000 4.756467 1.064907
v -1.673870 4.756467 0.819397
v -1.469442 4.756467 0.619802
v -1.220507 4.756467 0.479587
v -0.943858 4.756467 0.408211
v -0.658159 4.756467 0.410489
v -0.382683 4.756467 0.486268
v -0.136016 4.756467 0.630436
v 0.065203 4.756467 0.833266
v 0.207399 4.756467 1.081075
v 0.280979 4.756467 1.357146
v 0.280979 4.756467 1.642854
v 0.207399 4.756467 1.918925
v 0.065203 4.756467 2.166734
v -0.136016 4.756467 2.369564
v -0.382683 4.756467 2.513732
v -0.658159 4.756467 2.589511
v -0.943858 4.756467 2.591789
v -1.220507 4.756467 2.520413
v -1.469442 4.756467 2.380198
v -1.673870 4.756467 2.180603
v -1.820000 4.756467 1.935093
v -1.450480 4.033769 2.394096
v -1.199919 4.014993 2.528462
v -0.923289 3.994263 2.594120
v -0.639071 3.972965 2.586685
v -0.366253 3.952521 2.506653
v -0.123060 3.934297 2.359370
v 0.074262 3.919510 2.154677
v 0.212529 3.909149 1.906247
v 0.282504 3.903905 1.630678
v 0.279514 3.904129 1.346378
v 0.203758 3.909806 1.072342
v 0.060296 3.920556 0.826875
v -0.141287 3.935662 0.626377
v -0.387524 3.954115 0.484243
v -0.661966 3.974680 0.409967
v -0.946277 3.995986 0.408511
v -1.221465 4.016608 0.479973
v -1.469144 4.035168 0.619579
v 1.235120 3.832519 2.663533
v 1.235120 3.832519 0.083533
v -1.820000 4.756467 0.083533
v 1.329800 4.756467 0.083533
v 1.329800 4.756467 2.663533
v -1.820000 4.756467 2.663533
v -1.820000 4.456467 0.083533
v 1.155129 3.213580 2.663533
v 1.155129 3.213580 0.083533
v 1.061884 2.595650 2.663533
v 1.061884 2.595650 0.083533
v 0.954593 1.974766 2.663533
v 0.954593 1.974766 0.083533
v 0.832084 1.346934 2.663533
v 0.832084 1.346934 0.083533
v -2.000000 1.197919 2.663533
v -2.000000 1.197919 0.083533
v -1.820000 1.696117 2.663533
v -0.785436 1.197919 2.663533
v -0.324467 1.197919 2.663533
v -0.785436 1.197919 0.083533
v 1.450146 1.197919 0.083533
v 1.450146 1.197919 2.663533
v 1.492790 1.228295 0.083533
v 1.540067 1.250794 0.083533
v 1.590535 1.264732 0.083533
v 1.590535 1.264732 2.663533
v 1.540067 1.250794 2.663533
v 1.492790 1.228295 2.663533
v 1.515937 1.240578 1.373533
v 1.703793 1.299884 2.663533
v 1.805587 1.360719 2.663533
v 1.890191 1.443816 2.663533
v 1.952846 1.544500 2.663533
v 1.990028 1.657107 2.663533
v 1.999645 1.775304 2.663533
v 1.981156 1.892441 2.663533
v 1.935601 2.001930 2.663533
v 1.865542 2.097610 2.663533
v 1.774921 2.174101 2.663533
v 1.721766 2.218699 2.663533
v 1.680278 2.274315 2.663533
v 1.652677 2.337976 2.663533
v 1.640440 2.406274 2.663533
v 1.644220 2.475557 2.663533
v 1.793237 3.459558 2.663533
v 1.902566 4.448756 2.663533
v 1.972032 5.441550 2.663533
v 1.967461 5.510696 2.663533
v 1.947147 5.576948 2.663533
v 1.912174 5.636772 2.663533
v 1.864407 5.686976 2.663533
v 1.806396 5.724880 2.663533
v 1.741236 5.748464 2.663533
v 1.672403 5.756467 2.663533
v -1.700000 5.756467 2.663533
v -1.777646 5.746245 2.663533
v -1.850000 5.716275 2.663533
v -1.912132 5.668599 2.663533
v -1.959808 5.606467 2.663533
v -1.989778 5.534113 2.663533
v -2.000000 5.456467 2.663533
v 0.889750 1.633441 2.663533
v 0.861273 1.490115 2.663533
v 1.005025 2.256778 2.663533
v 0.980152 2.115711 2.663533
v 1.105780 2.875515 2.663533
v 1.084169 2.735530 2.663533
v 1.192976 3.493620 2.663533
v 1.174389 3.353555 2.663533
v 1.267208 4.115076 2.663533
v 1.251505 3.973758 2.663533
v 1.320972 4.656436 2.663533
v 1.311802 4.556436 2.663533
v 1.302290 4.456467 2.663533
v -1.820000 4.456467 2.663533
v 1.500000 5.056467 2.663533
v 1.448236 5.063282 2.663533
v 1.400000 5.083262 2.663533
v 1.358579 5.115046 2.663533
v 1.326795 5.156467 2.663533
v 1.306815 5.204703 2.663533
v 1.300000 5.256467 2.663533
v 1.306815 5.308231 2.663533
v 1.326795 5.356467 2.663533
v 1.358579 5.397888 2.663533
v 1.400000 5.429672 2.663533
v 1.448236 5.449652 2.663533
v 1.500000 5.456467 2.663533
v 1.551764 5.449652 2.663533
v 1.600000 5.429672 2.663533
v 1.641421 5.397888 2.663533
v 1.673205 5.356467 2.663533
v 1.693185 5.308231 2.663533
v 1.700000 5.256467 2.663533
v 1.693185 5.204703 2.663533
v 1.673205 5.156467 2.663533
v 1.641421 5.115046 2.663533
v 1.600000 5.083262 2.663533
v 1.551764 5.063282 2.663533
v -1.500000 5.056467 2.663533
v -1.551764 5.063282 2.663533
v -1.600000 5.083262 2.663533
v -1.641421 5.115046 2.663533
v -1.673205 5.156467 2.663533
v -1.693185 5.204703 2.663533
v -1.700000 5.256467 2.663533
v -1.693185 5.308231 2.663533
v -1.673205 5.356467 2.663533
v -1.641421 5.397888 2.663533
v -1.600000 5.429672 2.663533
v -1.551764 5.449652 2.663533
v -1.500000 5.456467 2.663533
v -1.448236 5.449652 2.663533
v -1.400000 5.429672 2.663533
v -1.358579 5.397888 2.663533
v -1.326795 5.356467 2.663533
v -1.306815 5.308231 2.663533
v -1.300000 5.256467 2.663533
v -1.306815 5.204703 2.663533
v -1.326795 5.156467 2.663533
v -1.358579 5.115046 2.663533
v -1.400000 5.083262 2.663533
v -1.448236 5.063282 2.663533
v 1.500000 1.556467 2.663533
v 1.448236 1.563282 2.663533
v 1.400000 1.583262 2.663533
v 1.358579 1.615046 2.663533
v 1.326795 1.656467 2.663533
v 1.306815 1.704703 2.663533
v 1.300000 1.756467 2.663533
v 1.306815 1.808231 2.663533
v 1.326795 1.856467 2.663533
v 1.358579 1.897888 2.663533
v 1.400000 1.929672 2.663533
v 1.448236 1.949652 2.663533
v 1.500000 1.956467 2.663533
v 1.551764 1.949652 2.663533
v 1.600000 1.929672 2.663533
v 1.641421 1.897888 2.663533
v 1.673205 1.856467 2.663533
v 1.693185 1.808231 2.663533
v 1.700000 1.756467 2.663533
v 1.693185 1.704703 2.663533
v 1.673205 1.656467 2.663533
v 1.641421 1.615046 2.663533
v 1.600000 1.583262 2.663533
v 1.551764 1.563282 2.663533
v -2.000000 5.456467 0.083533
v -1.989778 5.534113 0.083533
v -1.959808 5.606467 0.083533
v -1.912132 5.668599 0.083533
v -1.850000 5.716275 0.083533
v -1.777646 5.746245 0.083533
v -1.700000 5.756467 0.083533
v 1.672403 5.756467 0.083533
v 1.741236 5.748464 0.083533
v 1.806396 5.724880 0.083533
v 1.864407 5.686976 0.083533
v 1.912174 5.636772 0.083533
v 1.947147 5.576948 0.083533
v 1.967461 5.510696 0.083533
v 1.972032 5.441550 0.083533
v 1.902566 4.448756 0.083533
v 1.793237 3.459558 0.083533
v 1.644220 2.475557 0.083533
v 1.640440 2.406274 0.083533
v 1.652677 2.337976 0.083533
v 1.680278 2.274315 0.083533
v 1.721766 2.218699 0.083533
v 1.774921 2.174101 0.083533
v 1.865542 2.097610 0.083533
v 1.935601 2.001930 0.083533
v 1.981156 1.892441 0.083533
v 1.999645 1.775304 0.083533
v 1.990028 1.657107 0.083533
v 1.952846 1.544500 0.083533
v 1.890191 1.443816 0.083533
v 1.805587 1.360719 0.083533
v 1.703793 1.299884 0.083533
v 1.500000 1.556467 0.083533
v 1.551764 1.563282 0.083533
v 1.600000 1.583262 0.083533
v 1.641421 1.615046 0.083533
v 1.673205 1.656467 0.083533
v 1.693185 1.704703 0.083533
v 1.700000 1.756467 0.083533
v 1.693185 1.808231 0.083533
v 1.673205 1.856467 0.083533
v 1.641421 1.897888 0.083533
v 1.600000 1.929672 0.083533
v 1.551764 1.949652 0.083533
v 1.500000 1.956467 0.083533
v 1.448236 1.949652 0.083533
v 1.400000 1.929672 0.083533
v 1.358579 1.897888 0.083533
v 1.326795 1.856467 0.083533
v 1.306815 1.808231 0.083533
v 1.300000 1.756467 0.083533
v 1.306815 1.704703 0.083533
v 1.326795 1.656467 0.083533
v 1.358579 1.615046 0.083533
v 1.400000 1.583262 0.083533
v 1.448236 1.563282 0.083533
v -1.500000 5.056467 0.083533
v -1.448236 5.063282 0.083533
v -1.400000 5.083262 0.083533
v -1.358579 5.115046 0.083533
v -1.326795 5.156467 0.083533
v -1.306815 5.204703 0.083533
v -1.300000 5.256467 0.083533
v -1.306815 5.308231 0.083533
v -1.326795 5.356467 0.083533
v -1.358579 5.397888 0.083533
v -1.400000 5.429672 0.083533
v -1.448236 5.449652 0.083533
v -1.500000 5.456467 0.083533
v -1.551764 5.449652 0.083533
v -1.600000 5.429672 0.083533
v -1.641421 5.397888 0.083533
v -1.673205 5.356467 0.083533
v -1.693185 5.308231 0.083533
v -1.700000 5.256467 0.083533
v -1.693185 5.204703 0.083533
v -1.673205 5.156467 0.083533
v -1.641421 5.115046 0.083533
v -1.600000 5.083262 0.083533
v -1.551764 5.063282 0.083533
v 1.500000 5.056467 0.083533
v 1.551764 5.063282 0.083533
v 1.600000 5.083262 0.083533
v 1.641421 5.115046 0.083533
v 1.673205 5.156467 0.083533
v 1.693185 5.204703 0.083533
v 1.700000 5.256467 0.083533
v 1.693185 5.308231 0.083533
v 1.673205 5.356467 0.083533
v 1.641421 5.397888 0.083533
v 1.600000 5.429672 0.083533
v 1.551764 5.449652 0.083533
v 1.500000 5.456467 0.083533
v 1.448236 5.449652 0.083533
v 1.400000 5.429672 0.083533
v 1.358579 5.397888 0.083533
v 1.326795 5.356467 0.083533
v 1.306815 5.308231 0.083533
v 1.300000 5.256467 0.083533
v 1.306815 5.204703 0.083533
v 1.326795 5.156467 0.083533
v 1.358579 5.115046 0.083533
v 1.400000 5.083262 0.083533
v 1.448236 5.063282 0.083533
v 1.302290 4.456467 0.083533
v 1.311802 4.556436 0.083533
v 1.320972 4.656436 0.083533
v 1.251505 3.973758 0.083533
v 1.267208 4.115076 0.083533
v 1.174389 3.353555 0.083533
v 1.192976 3.493620 0.083533
v 1.084169 2.735530 0.083533
v 1.105780 2.875515 0.083533
v 0.980152 2.115711 0.083533
v 1.005025 2.256778 0.083533
v 0.861273 1.490115 0.083533
v 0.889750 1.633441 0.083533
v 1.640440 2.406274 1.373533
v 1.652677 2.337976 1.373533
v 1.680278 2.274315 1.373533
v 1.721766 2.218699 1.373533
v 1.741236 5.748464 1.373533
v 1.806396 5.724880 1.373533
v 1.864407 5.686976 1.373533
v 1.912174 5.636772 1.373533
v 1.947147 5.576948 1.373533
v 1.967461 5.510696 1.373533
v -1.989778 5.534113 1.373533
v -1.959808 5.606467 1.373533
v -1.912132 5.668599 1.373533
v -1.850000 5.716275 1.373533
v -1.777646 5.746245 1.373533
v 1.500000 5.456467 1.803533
v 1.500000 5.456467 0.943533
v 1.551764 5.063282 1.803533
v 1.551764 5.063282 0.943533
v 1.500000 5.056467 0.943533
v 1.500000 5.056467 1.803533
v 1.600000 5.083262 1.803533
v 1.600000 5.083262 0.943533
v 1.641421 5.115046 1.803533
v 1.641421 5.115046 0.943533
v 1.673205 5.156467 1.803533
v 1.673205 5.156467 0.943533
v 1.693185 5.204703 1.803533
v 1.693185 5.204703 0.943533
v 1.700000 5.256467 1.803533
v 1.700000 5.256467 0.943533
v 1.693185 5.308231 1.803533
v 1.693185 5.308231 0.943533
v 1.673205 5.356467 1.803533
v 1.673205 5.356467 0.943533
v 1.641421 5.397888 1.803533
v 1.641421 5.397888 0.943533
v 1.600000 5.429672 1.803533
v 1.600000 5.429672 0.943533
v 1.551764 5.449652 1.803533
v 1.551764 5.449652 0.943533
v 1.448236 5.449652 1.803533
v 1.448236 5.449652 0.943533
v 1.400000 5.429672 1.803533
v 1.400000 5.429672 0.943533
v 1.358579 5.397888 1.803533
v 1.358579 5.397888 0.943533
v 1.326795 5.356467 1.803533
v 1.326795 5.356467 0.943533
v 1.306815 5.308231 1.803533
v 1.306815 5.308231 0.943533
v 1.300000 5.256467 1.803533
v 1.300000 5.256467 0.943533
v 1.306815 5.204703 1.803533
v 1.306815 5.204703 0.943533
v 1.326795 5.156467 1.803533
v 1.326795 5.156467 0.943533
v 1.358579 5.115046 1.803533
v 1.358579 5.115046 0.943533
v 1.400000 5.083262 1.803533
v 1.400000 5.083262 0.943533
v 1.448236 5.063282 1.803533
v 1.448236 5.063282 0.943533
v -1.500000 5.456467 1.803533
v -1.500000 5.456467 0.943533
v -1.448236 5.063282 1.803533
v -1.448236 5.063282 0.943533
v -1.500000 5.056467 0.943533
v -1.500000 5.056467 1.803533
v -1.400000 5.083262 1.803533
v -1.400000 5.083262 0.943533
v -1.358579 5.115046 1.803533
v -1.358579 5.115046 0.943533
v -1.326795 5.156467 1.803533
v -1.326795 5.156467 0.943533
v -1.306815 5.204703 1.803533
v -1.306815 5.204703 0.943533
v -1.300000 5.256467 1.803533
v -1.300000 5.256467 0.943533
v -1.306815 5.308231 1.803533
v -1.306815 5.308231 0.943533
v -1.326795 5.356467 1.803533
v -1.326795 5.356467 0.943533
v -1.358579 5.397888 1.803533
v -1.358579 5.397888 0.943533
v -1.400000 5.429672 1.803533
v -1.400000 5.429672 0.943533
v -1.448236 5.449652 1.803533
v -1.448236 5.449652 0.943533
v -1.551764 5.449652 1.803533
v -1.551764 5.449652 0.943533
v -1.600000 5.429672 1.803533
v -1.600000 5.429672 0.943533
v -1.641421 5.397888 1.803533
v -1.641421 5.397888 0.943533
v -1.673205 5.356467 1.803533
v -1.673205 5.356467 0.943533
v -1.693185 5.308231 1.803533
v -1.693185 5.308231 0.943533
v -1.700000 5.256467 1.803533
v -1.700000 5.256467 0.943533
v -1.693185 5.204703 1.803533
v -1.693185 5.204703 0.943533
v -1.673205 5.156467 1.803533
v -1.673205 5.156467 0.943533
v -1.641421 5.115046 1.803533
v -1.641421 5.115046 0.943533
v -1.600000 5.083262 1.803533
v -1.600000 5.083262 0.943533
v -1.551764 5.063282 1.803533
v -1.551764 5.063282 0.943533
v 1.500000 1.956467 1.803533
v 1.500000 1.956467 0.943533
v 1.551764 1.563282 1.803533
v 1.551764 1.563282 0.943533
v 1.500000 1.556467 0.943533
v 1.500000 1.556467 1.803533
v 1.600000 1.583262 1.803533
v 1.600000 1.583262 0.943533
v 1.641421 1.615046 1.803533
v 1.641421 1.615046 0.943533
v 1.673205 1.656467 1.803533
v 1.673205 1.656467 0.943533
v 1.693185 1.704703 1.803533
v 1.693185 1.704703 0.943533
v 1.700000 1.756467 1.803533
v 1.700000 1.756467 0.943533
v 1.693185 1.808231 1.803533
v 1.693185 1.808231 0.943533
v 1.673205 1.856467 1.803533
v 1.673205 1.856467 0.943533
v 1.641421 1.897888 1.803533
v 1.641421 1.897888 0.943533
v 1.600000 1.929672 1.803533
v 1.600000 1.929672 0.943533
v 1.551764 1.949652 1.803533
v 1.551764 1.949652 0.943533
v 1.448236 1.949652 1.803533
v 1.448236 1.949652 0.943533
v 1.400000 1.929672 1.803533
v 1.400000 1.929672 0.943533
v 1.358579 1.897888 1.803533
v 1.358579 1.897888 0.943533
v 1.326795 1.856467 1.803533
v 1.326795 1.856467 0.943533
v 1.306815 1.808231 1.803533
v 1.306815 1.808231 0.943533
v 1.300000 1.756467 1.803533
v 1.300000 1.756467 0.943533
v 1.306815 1.704703 1.803533
v 1.306815 1.704703 0.943533
v 1.326795 1.656467 1.803533
v 1.326795 1.656467 0.943533
v 1.358579 1.615046 1.803533
v 1.358579 1.615046 0.943533
v 1.400000 1.583262 1.803533
v 1.400000 1.583262 0.943533
v 1.448236 1.563282 1.803533
v 1.448236 1.563282 0.943533
vt 1.527471 -0.505868 0.000000
vt -1.527471 -0.505868 0.000000
vt 1.527471 -0.690999 0.000000
vt -1.527471 -0.690999 0.000000
vt -1.527471 0.487865 0.000000
vt 1.527471 0.487865 0.000000
vt -1.527471 0.690999 0.000000
vt 1.527471 0.690999 0.000000
vt -1.178864 0.000000 0.000000
vt -1.251658 0.049451 0.000000
vt -1.381998 0.000000 0.000000
vt -1.319563 0.105426 0.000000
vt -1.381998 0.167444 0.000000
vt -0.000000 0.148359 0.000000
vt -0.057506 0.093807 0.000000
vt -0.000000 0.000000 0.000000
vt -0.119360 0.044239 0.000000
vt -0.185131 0.000000 0.000000
vt -1.381998 1.451968 0.000000
vt -1.214993 1.596100 0.000000
vt -1.381998 1.658234 0.000000
vt -1.314006 1.710020 0.000000
vt -1.019247 1.697829 0.000000
vt -1.242199 1.756371 0.000000
vt -1.167010 1.797007 0.000000
vt -0.805317 1.751668 0.000000
vt -1.381998 2.000000 0.000000
vt -0.584737 1.754714 0.000000
vt -0.000000 2.000000 0.000000
vt -0.196985 1.797007 0.000000
vt -0.000000 1.797007 0.000000
vt -0.369401 1.706803 0.000000
vt -0.128448 1.760275 0.000000
vt -0.062676 1.718794 0.000000
vt -0.170921 1.610519 0.000000
vt -0.000000 1.672770 0.000000
vt -0.000000 1.471052 0.000000
vt -1.381998 1.797007 0.000000
vt -0.000000 0.167444 0.000000
vt -3.054941 0.167444 0.000000
vt -0.000000 0.000000 0.000000
vt -3.054941 0.000000 0.000000
vt -0.000000 0.148359 0.000000
vt -3.054941 0.148359 0.000000
vt 0.000000 0.000000 0.000000
vt -3.054941 0.000000 0.000000
vt -0.404515 1.672770 0.000000
vt -0.000000 1.471052 0.000000
vt -0.198474 1.672770 0.000000
vt -0.000000 2.000000 0.000000
vt -0.198474 1.820000 0.000000
vt -0.393482 1.820000 0.000000
vt -0.594042 1.820000 0.000000
vt -0.605075 1.672770 0.000000
vt -0.815141 1.672770 0.000000
vt -1.017400 1.672770 0.000000
vt -0.995209 1.820000 0.000000
vt -0.792950 1.820000 0.000000
vt -1.235148 1.672770 0.000000
vt -1.440291 1.672770 0.000000
vt -3.054941 1.471052 0.000000
vt -1.669773 1.672770 0.000000
vt -1.879071 1.672770 0.000000
vt -1.833658 1.820000 0.000000
vt -1.624360 1.820000 0.000000
vt -3.054941 2.000000 0.000000
vt -1.406688 1.820000 0.000000
vt -1.201545 1.820000 0.000000
vt -2.124965 1.672770 0.000000
vt -2.339816 1.672770 0.000000
vt -2.607742 1.672770 0.000000
vt -2.282034 1.820000 0.000000
vt -2.067184 1.820000 0.000000
vt -2.536843 1.820000 0.000000
vt -2.758824 1.820000 0.000000
vt -2.829723 1.672770 0.000000
vt -3.054941 1.672770 0.000000
vt -3.054941 1.797007 0.000000
vt -3.041667 1.820000 0.000000
vt -1.196867 0.000000 0.000000
vt -1.262637 0.044239 0.000000
vt -1.381998 0.000000 0.000000
vt -1.324491 0.093807 0.000000
vt -1.381998 0.148359 0.000000
vt -0.000000 0.167444 0.000000
vt -0.062434 0.105426 0.000000
vt 0.000000 0.000000 0.000000
vt -0.130340 0.049451 0.000000
vt -0.203134 0.000000 0.000000
vt -1.212903 0.702571 0.000000
vt -1.231644 0.844921 0.000000
vt -1.302201 0.844921 0.000000
vt -1.212903 0.987272 0.000000
vt -1.281056 1.005533 0.000000
vt -1.157958 1.119921 0.000000
vt -1.219062 1.155200 0.000000
vt -1.070553 1.233830 0.000000
vt -1.120444 1.283722 0.000000
vt -0.956644 1.321235 0.000000
vt -0.991922 1.382340 0.000000
vt -0.823994 1.376181 0.000000
vt -0.842256 1.444334 0.000000
vt -0.681644 1.394921 0.000000
vt -0.681644 1.465479 0.000000
vt -0.521032 1.444334 0.000000
vt -0.539293 1.376181 0.000000
vt -0.371365 1.382340 0.000000
vt -0.406644 1.321235 0.000000
vt -0.242844 1.283722 0.000000
vt -0.292735 1.233830 0.000000
vt -0.144226 1.155200 0.000000
vt -0.205330 1.119921 0.000000
vt -0.082232 1.005533 0.000000
vt -0.150385 0.987272 0.000000
vt -0.061087 0.844921 0.000000
vt -0.131644 0.844921 0.000000
vt -0.082232 0.684309 0.000000
vt -0.150385 0.702571 0.000000
vt -0.205330 0.569921 0.000000
vt -0.144226 0.534643 0.000000
vt -0.292735 0.456013 0.000000
vt -0.242844 0.406121 0.000000
vt -0.406644 0.368607 0.000000
vt -0.371365 0.307503 0.000000
vt -0.539293 0.313662 0.000000
vt -0.521032 0.245509 0.000000
vt -0.681644 0.294921 0.000000
vt -0.681644 0.224364 0.000000
vt -0.842256 0.245509 0.000000
vt -0.823994 0.313662 0.000000
vt -0.991922 0.307503 0.000000
vt -0.956644 0.368607 0.000000
vt -1.120444 0.406121 0.000000
vt -1.070553 0.456013 0.000000
vt -1.219062 0.534643 0.000000
vt -1.157958 0.569921 0.000000
vt -1.281056 0.684309 0.000000
vt -0.000000 1.451968 0.000000
vt -1.611333 1.658234 0.000000
vt -3.054941 1.451968 0.000000
vt -1.816475 1.658234 0.000000
vt -2.035351 1.658234 0.000000
vt -0.000000 1.658234 0.000000
vt -0.218218 1.658234 0.000000
vt -0.440200 1.658234 0.000000
vt -0.709421 1.658234 0.000000
vt -0.296117 1.820000 0.000000
vt -0.518099 1.820000 0.000000
vt -0.000000 2.000000 0.000000
vt -0.772907 1.820000 0.000000
vt -0.987758 1.820000 0.000000
vt -0.924272 1.658234 0.000000
vt -0.013275 1.820000 0.000000
vt -0.000000 1.797007 0.000000
vt -3.054941 2.000000 0.000000
vt -1.430581 1.820000 0.000000
vt -1.221283 1.820000 0.000000
vt -2.856467 1.658234 0.000000
vt -2.856467 1.820000 0.000000
vt -2.661460 1.820000 0.000000
vt -1.171387 1.658234 0.000000
vt -1.380685 1.658234 0.000000
vt -1.648253 1.820000 0.000000
vt -1.853396 1.820000 0.000000
vt -2.059732 1.820000 0.000000
vt -2.261991 1.820000 0.000000
vt -2.237610 1.658234 0.000000
vt -2.448777 1.658234 0.000000
vt -2.649338 1.658234 0.000000
vt -2.460899 1.820000 0.000000
vt -1.381998 1.471052 0.000000
vt -1.211076 1.610519 0.000000
vt -1.381998 2.000000 0.000000
vt -1.012597 1.706803 0.000000
vt -0.797261 1.754714 0.000000
vt -0.000000 2.000000 0.000000
vt -0.576681 1.751668 0.000000
vt -0.362750 1.697829 0.000000
vt -0.167005 1.596100 0.000000
vt -0.000000 1.451968 0.000000
vt -2.621518 0.463533 0.000000
vt -2.876326 0.463533 0.000000
vt -2.621518 0.000000 0.000000
vt -2.876326 0.000000 0.000000
vt -3.091177 0.463533 0.000000
vt -3.324702 0.463533 0.000000
vt -3.091177 0.000000 0.000000
vt -3.324702 0.000000 0.000000
vt -3.534000 0.463533 0.000000
vt -3.751672 0.463533 0.000000
vt -3.534000 0.000000 0.000000
vt -3.751672 0.000000 0.000000
vt -3.956815 0.463533 0.000000
vt -4.163151 0.463533 0.000000
vt -3.956815 0.000000 0.000000
vt -4.163151 0.000000 0.000000
vt -4.365410 0.463533 0.000000
vt -4.564318 0.463533 0.000000
vt -4.365410 0.000000 0.000000
vt -4.564318 0.000000 0.000000
vt -4.764879 0.463533 0.000000
vt -4.959886 0.463533 0.000000
vt -4.764879 0.000000 0.000000
vt -4.959886 0.000000 0.000000
vt -1.628061 0.678520 0.000000
vt -1.628061 0.463533 0.000000
vt -1.455606 0.450903 0.000000
vt -1.654611 0.000000 0.000000
vt -1.223885 0.266936 0.000000
vt -1.223885 0.000000 0.000000
vt -1.654611 0.463533 0.000000
vt -2.399536 1.845531 0.000000
vt -2.116693 1.845531 0.000000
vt -2.399536 2.580000 0.000000
vt -2.116693 2.580000 0.000000
vt -1.654611 1.845531 0.000000
vt -1.628061 1.845531 0.000000
vt -1.654611 2.580000 0.000000
vt -1.455606 1.876163 0.000000
vt -1.223885 2.060130 0.000000
vt -1.628061 1.648545 0.000000
vt -1.223885 2.580000 0.000000
vt -2.876326 1.845531 0.000000
vt -2.621518 1.845531 0.000000
vt -2.876326 2.580000 0.000000
vt -2.621518 2.580000 0.000000
vt 2.000103 0.463533 0.000000
vt 1.826325 0.463533 0.000000
vt 2.000103 -0.000000 0.000000
vt 1.603145 0.269437 0.000000
vt 1.333978 0.135071 0.000000
vt 1.036808 0.069413 0.000000
vt -0.668699 0.000000 0.000000
vt 0.731486 0.076848 0.000000
vt 0.438410 0.156880 0.000000
vt 0.177158 0.304163 0.000000
vt -0.034815 0.508856 0.000000
vt -0.183348 0.757286 0.000000
vt -0.258520 1.032855 0.000000
vt -0.255308 1.317155 0.000000
vt -0.668699 2.580000 0.000000
vt -0.173926 1.591191 0.000000
vt -0.019812 1.836658 0.000000
vt 0.196739 2.037155 0.000000
vt 0.461261 2.179290 0.000000
vt 0.756080 2.253566 0.000000
vt 2.000103 2.580000 0.000000
vt 1.061503 2.255022 0.000000
vt 1.357124 2.183560 0.000000
vt 1.623195 2.043954 0.000000
vt 2.000103 1.845531 0.000000
vt 1.841940 1.845531 0.000000
vt -1.727244 1.845531 0.000000
vt -1.532804 2.021918 0.000000
vt -1.890656 1.845531 0.000000
vt -1.890656 2.580000 0.000000
vt -1.299368 2.154461 0.000000
vt -1.038858 2.236392 0.000000
vt -0.764582 2.263525 0.000000
vt -0.230753 2.580000 0.000000
vt -0.490548 2.234474 0.000000
vt -0.230753 2.150723 0.000000
vt -3.324702 1.845531 0.000000
vt -3.091177 1.845531 0.000000
vt -3.324702 2.580000 0.000000
vt -3.091177 2.580000 0.000000
vt 2.163257 0.463533 0.000000
vt 1.993971 0.463533 0.000000
vt 2.163257 -0.000000 0.000000
vt 1.776558 0.269437 0.000000
vt 1.514349 0.135071 0.000000
vt 1.224859 0.069413 0.000000
vt 0.927428 0.076848 0.000000
vt -0.701522 0.000000 0.000000
vt 0.641926 0.156880 0.000000
vt 0.387427 0.304163 0.000000
vt 0.180933 0.508856 0.000000
vt 0.036238 0.757286 0.000000
vt -0.036991 1.032855 0.000000
vt -0.033862 1.317155 0.000000
vt -0.701522 2.580000 0.000000
vt 0.045417 1.591191 0.000000
vt 0.195548 1.836658 0.000000
vt 0.406502 2.037155 0.000000
vt 0.664187 2.179290 0.000000
vt 0.951387 2.253566 0.000000
vt 2.163257 2.580000 0.000000
vt 1.248915 2.255022 0.000000
vt 1.536896 2.183560 0.000000
vt 1.796090 2.043954 0.000000
vt 2.163257 1.845531 0.000000
vt 2.009182 1.845531 0.000000
vt -3.751672 1.845531 0.000000
vt -3.534000 1.845531 0.000000
vt -3.751672 2.580000 0.000000
vt -3.534000 2.580000 0.000000
vt 2.288805 0.463533 0.000000
vt 2.122879 0.463533 0.000000
vt 2.288805 -0.000000 0.000000
vt 1.909783 0.269437 0.000000
vt 1.652778 0.135071 0.000000
vt 1.369035 0.069413 0.000000
vt 1.077508 0.076848 0.000000
vt -0.633672 0.000000 0.000000
vt 0.797674 0.156880 0.000000
vt 0.548227 0.304163 0.000000
vt 0.345832 0.508856 0.000000
vt 0.204010 0.757286 0.000000
vt 0.132234 1.032855 0.000000
vt 0.135302 1.317155 0.000000
vt -0.633672 2.580000 0.000000
vt 0.213006 1.591191 0.000000
vt 0.360157 1.836658 0.000000
vt 0.566924 2.037155 0.000000
vt 0.819493 2.179290 0.000000
vt 1.100992 2.253566 0.000000
vt 2.288805 2.580000 0.000000
vt 1.392614 2.255022 0.000000
vt 1.674878 2.183560 0.000000
vt 1.928927 2.043954 0.000000
vt 2.288805 1.845531 0.000000
vt 2.137788 1.845531 0.000000
vt -4.163151 1.845531 0.000000
vt -3.956815 1.845531 0.000000
vt -4.163151 2.580000 0.000000
vt -3.956815 2.580000 0.000000
vt 2.380320 0.463533 0.000000
vt 2.216727 0.463533 0.000000
vt 2.380320 -0.000000 0.000000
vt 2.006627 0.269437 0.000000
vt 1.753236 0.135071 0.000000
vt 1.473482 0.069413 0.000000
vt 1.186054 0.076848 0.000000
vt -0.599677 0.000000 0.000000
vt 0.910154 0.156880 0.000000
vt 0.664214 0.304163 0.000000
vt 0.464664 0.508856 0.000000
vt 0.324835 0.757286 0.000000
vt 0.254069 1.032855 0.000000
vt 0.257093 1.317155 0.000000
vt -0.599677 2.580000 0.000000
vt 0.333706 1.591191 0.000000
vt 0.478788 1.836658 0.000000
vt 0.682647 2.037155 0.000000
vt 0.931666 2.179290 0.000000
vt 1.209207 2.253566 0.000000
vt 2.380320 2.580000 0.000000
vt 1.496729 2.255022 0.000000
vt 1.775025 2.183560 0.000000
vt 2.025502 2.043954 0.000000
vt 2.380320 1.845531 0.000000
vt 2.231427 1.845531 0.000000
vt -4.564318 1.845531 0.000000
vt -4.365410 1.845531 0.000000
vt -4.564318 2.580000 0.000000
vt -4.365410 2.580000 0.000000
vt 2.440233 0.463533 0.000000
vt 2.278014 0.463533 0.000000
vt 2.440233 -0.000000 0.000000
vt 2.069677 0.269437 0.000000
vt 1.818413 0.135071 0.000000
vt 1.541008 0.069413 0.000000
vt 1.255993 0.076848 0.000000
vt -0.599155 0.000000 0.000000
vt 0.982410 0.156880 0.000000
vt 0.738535 0.304163 0.000000
vt 0.540660 0.508856 0.000000
vt 0.402006 0.757286 0.000000
vt 0.331834 1.032855 0.000000
vt 0.334832 1.317155 0.000000
vt -0.599155 2.580000 0.000000
vt 0.410801 1.591191 0.000000
vt 0.554665 1.836658 0.000000
vt 0.756813 2.037155 0.000000
vt 1.003741 2.179290 0.000000
vt 1.278952 2.253566 0.000000
vt 2.440233 2.580000 0.000000
vt 1.564060 2.255022 0.000000
vt 1.840020 2.183560 0.000000
vt 2.088394 2.043954 0.000000
vt 2.440233 1.845531 0.000000
vt 2.292590 1.845531 0.000000
vt -4.959886 1.845531 0.000000
vt -4.764879 1.845531 0.000000
vt -4.959886 2.580000 0.000000
vt -4.764879 2.580000 0.000000
vt 2.470000 0.463533 0.000000
vt 2.308234 0.463533 0.000000
vt 2.470000 -0.000000 0.000000
vt 2.100480 0.269437 0.000000
vt 1.849919 0.135071 0.000000
vt 1.573289 0.069413 0.000000
vt 1.289071 0.076848 0.000000
vt -0.632226 0.000000 0.000000
vt 1.016253 0.156880 0.000000
vt 0.773060 0.304163 0.000000
vt 0.575738 0.508856 0.000000
vt 0.437471 0.757286 0.000000
vt 0.367496 1.032855 0.000000
vt 0.370486 1.317155 0.000000
vt -0.632226 2.580000 0.000000
vt 0.446242 1.591191 0.000000
vt 0.589704 1.836658 0.000000
vt 0.791287 2.037155 0.000000
vt 1.037524 2.179290 0.000000
vt 1.311966 2.253566 0.000000
vt 2.470000 2.580000 0.000000
vt 1.596277 2.255022 0.000000
vt 1.871465 2.183560 0.000000
vt 2.119144 2.043954 0.000000
vt 2.470000 1.845531 0.000000
vt 2.322770 1.845531 0.000000
vt -0.545059 1.787076 0.000000
vt -0.425945 1.787076 0.000000
vt -0.545059 1.949538 0.000000
vt -0.425945 1.949538 0.000000
vt -0.545059 -1.949538 0.000000
vt -0.425945 -1.949538 0.000000
vt -0.545059 -1.787076 0.000000
vt -0.425945 -1.787076 0.000000
vt -0.545059 -1.624615 0.000000
vt -0.425945 -1.624615 0.000000
vt -0.545059 -1.462153 0.000000
vt -0.425945 -1.462153 0.000000
vt -0.545059 -1.299692 0.000000
vt -0.425945 -1.299692 0.000000
vt -0.545059 -1.137230 0.000000
vt -0.425945 -1.137230 0.000000
vt -0.545059 -0.974769 0.000000
vt -0.425945 -0.974769 0.000000
vt -0.545059 -0.812307 0.000000
vt -0.425945 -0.812307 0.000000
vt -0.545059 -0.649846 0.000000
vt -0.425945 -0.649846 0.000000
vt -0.545059 -0.487384 0.000000
vt -0.425945 -0.487384 0.000000
vt -0.545059 -0.324923 0.000000
vt -0.425945 -0.324923 0.000000
vt -0.545059 -0.162461 0.000000
vt -0.425945 -0.162461 0.000000
vt -0.545059 0.000000 0.000000
vt -0.425945 0.000000 0.000000
vt -0.545059 0.162461 0.000000
vt -0.425945 0.162461 0.000000
vt -0.545059 0.324923 0.000000
vt -0.425945 0.324923 0.000000
vt -0.545059 0.487384 0.000000
vt -0.425945 0.487384 0.000000
vt -0.545059 0.649846 0.000000
vt -0.425945 0.649846 0.000000
vt -0.545059 0.812307 0.000000
vt -0.425945 0.812307 0.000000
vt -0.545059 0.974769 0.000000
vt -0.425945 0.974769 0.000000
vt -0.545059 1.137230 0.000000
vt -0.425945 1.137230 0.000000
vt -0.545059 1.299692 0.000000
vt -0.425945 1.299692 0.000000
vt -0.545059 1.462153 0.000000
vt -0.425945 1.462153 0.000000
vt -0.545059 1.624615 0.000000
vt -0.425945 1.624615 0.000000
vt 0.104941 1.583886 0.000000
vt 0.150000 1.583886 0.000000
vt 0.104941 1.727876 0.000000
vt 0.150000 1.727876 0.000000
vt 0.104941 -1.727876 0.000000
vt 0.150000 -1.727876 0.000000
vt 0.104941 -1.583886 0.000000
vt 0.150000 -1.583886 0.000000
vt 0.104941 -1.439897 0.000000
vt 0.150000 -1.439897 0.000000
vt 0.104941 -1.295907 0.000000
vt 0.150000 -1.295907 0.000000
vt 0.104941 -1.151917 0.000000
vt 0.150000 -1.151917 0.000000
vt 0.104941 -1.007928 0.000000
vt 0.150000 -1.007928 0.000000
vt 0.104941 -0.863938 0.000000
vt 0.150000 -0.863938 0.000000
vt 0.104941 -0.719948 0.000000
vt 0.150000 -0.719948 0.000000
vt 0.104941 -0.575959 0.000000
vt 0.150000 -0.575959 0.000000
vt 0.104941 -0.431969 0.000000
vt 0.150000 -0.431969 0.000000
vt 0.104941 -0.287979 0.000000
vt 0.150000 -0.287979 0.000000
vt 0.104941 -0.143990 0.000000
vt 0.150000 -0.143990 0.000000
vt 0.104941 -0.000000 0.000000
vt 0.150000 -0.000000 0.000000
vt 0.104941 0.143990 0.000000
vt 0.150000 0.143990 0.000000
vt 0.104941 0.287979 0.000000
vt 0.150000 0.287979 0.000000
vt 0.104941 0.431969 0.000000
vt 0.150000 0.431969 0.000000
vt 0.104941 0.575959 0.000000
vt 0.150000 0.575959 0.000000
vt 0.104941 0.719948 0.000000
vt 0.150000 0.719948 0.000000
vt 0.104941 0.863938 0.000000
vt 0.150000 0.863938 0.000000
vt 0.104941 1.007928 0.000000
vt 0.150000 1.007928 0.000000
vt 0.104941 1.151917 0.000000
vt 0.150000 1.151917 0.000000
vt 0.104941 1.295907 0.000000
vt 0.150000 1.295907 0.000000
vt 0.104941 1.439897 0.000000
vt 0.150000 1.439897 0.000000
vt -0.531259 -0.142350 0.000000
vt 0.531259 -0.142350 0.000000
vt -0.550000 0.000000 0.000000
vt 0.550000 0.000000 0.000000
vt -0.531259 0.142350 0.000000
vt 0.531259 0.142350 0.000000
vt -0.476314 0.275000 0.000000
vt 0.476314 0.275000 0.000000
vt -0.388909 0.388909 0.000000
vt 0.388909 0.388909 0.000000
vt -0.275000 0.476314 0.000000
vt 0.275000 0.476314 0.000000
vt -0.142350 0.531259 0.000000
vt 0.142350 0.531259 0.000000
vt -0.000000 0.550000 0.000000
vt 0.476314 -0.275000 0.000000
vt -0.476314 -0.275000 0.000000
vt 0.388909 -0.388909 0.000000
vt -0.388909 -0.388909 0.000000
vt 0.275000 -0.476314 0.000000
vt -0.275000 -0.476314 0.000000
vt 0.142350 -0.531259 0.000000
vt -0.142350 -0.531259 0.000000
vt -0.000000 -0.550000 0.000000
vt 4.530886 2.279225 0.000000
vt 4.650000 2.487094 0.000000
vt 1.475945 2.279225 0.000000
vt 0.000000 2.487094 0.000000
vt 0.000000 2.238385 0.000000
vt -4.650000 2.487094 0.000000
vt -4.650000 2.238385 0.000000
vt 4.650000 2.238385 0.000000
vt 4.530886 2.058125 0.000000
vt 4.650000 1.989675 0.000000
vt 4.530886 1.837025 0.000000
vt 4.650000 1.740966 0.000000
vt 4.530886 1.615925 0.000000
vt 4.650000 1.492257 0.000000
vt 4.530886 1.394825 0.000000
vt 4.650000 1.243547 0.000000
vt 4.530886 1.173725 0.000000
vt 4.650000 0.994838 0.000000
vt 4.530886 0.952625 0.000000
vt 4.650000 0.746128 0.000000
vt 4.530886 0.731525 0.000000
vt 4.650000 0.497419 0.000000
vt 1.475945 0.731525 0.000000
vt 0.000000 0.497419 0.000000
vt 0.000000 0.746128 0.000000
vt -4.650000 0.746128 0.000000
vt -4.650000 0.994838 0.000000
vt 0.000000 0.994838 0.000000
vt -4.650000 1.243547 0.000000
vt 0.000000 1.243547 0.000000
vt -4.650000 1.492257 0.000000
vt 0.000000 1.492257 0.000000
vt -4.650000 1.740966 0.000000
vt 0.000000 1.740966 0.000000
vt -4.650000 1.989675 0.000000
vt 0.000000 1.989675 0.000000
vt 1.475945 0.952625 0.000000
vt 1.475945 1.173725 0.000000
vt 1.475945 1.394825 0.000000
vt 1.475945 1.615925 0.000000
vt 1.475945 1.837025 0.000000
vt 1.475945 2.058125 0.000000
vt 1.475945 -2.279225 0.000000
vt 4.650000 -2.487094 0.000000
vt 4.530886 -2.279225 0.000000
vt 4.650000 -2.238385 0.000000
vt 4.530886 -2.191191 0.000000
vt 4.530886 -2.103158 0.000000
vt 4.650000 -1.989675 0.000000
vt 4.530886 -2.015124 0.000000
vt 1.475945 -2.015124 0.000000
vt 0.000000 -1.989675 0.000000
vt 1.475945 -2.103158 0.000000
vt 0.000000 -2.238385 0.000000
vt 1.475945 -2.191191 0.000000
vt 0.000000 -2.487094 0.000000
vt 4.650000 -2.735804 0.000000
vt 0.000000 -2.735804 0.000000
vt 4.650000 -2.984513 0.000000
vt 0.000000 -2.984513 0.000000
vt 4.650000 2.984513 0.000000
vt 0.000000 2.984513 0.000000
vt 4.650000 2.735804 0.000000
vt 0.000000 2.735804 0.000000
vt 1.475945 -0.890101 0.000000
vt 0.000000 -0.994838 0.000000
vt 1.475945 -0.969389 0.000000
vt 4.650000 -0.994838 0.000000
vt 4.530886 -0.969389 0.000000
vt 4.530886 -0.890101 0.000000
vt 4.650000 -0.746128 0.000000
vt 4.530886 -0.810813 0.000000
vt 4.530886 -0.731525 0.000000
vt 4.650000 -0.497419 0.000000
vt 1.475945 -0.731525 0.000000
vt 0.000000 -0.497419 0.000000
vt 0.000000 -0.746128 0.000000
vt -4.650000 -0.497419 0.000000
vt -4.650000 -0.746128 0.000000
vt 1.475945 -0.810813 0.000000
vt -4.650000 -0.248709 0.000000
vt 0.000000 -0.248709 0.000000
vt -4.650000 -0.000000 0.000000
vt 0.000000 0.000000 0.000000
vt -4.650000 0.248709 0.000000
vt 0.000000 0.248709 0.000000
vt -4.650000 0.497419 0.000000
vt -4.650000 -0.994838 0.000000
vt 0.000000 -1.243547 0.000000
vt -4.650000 -1.243547 0.000000
vt 0.000000 -1.492257 0.000000
vt -4.650000 -1.492257 0.000000
vt 0.000000 -1.740966 0.000000
vt -4.650000 -1.740966 0.000000
vt -4.650000 -1.989675 0.000000
vt -4.650000 -2.238385 0.000000
vt -4.650000 -2.487094 0.000000
vt -4.650000 -2.735804 0.000000
vt -4.650000 -2.984513 0.000000
vt -4.650000 2.984513 0.000000
vt -4.650000 2.735804 0.000000
vt 4.650000 0.248709 0.000000
vt 4.650000 0.000000 0.000000
vt 4.650000 -0.248709 0.000000
vt 4.650000 -1.740966 0.000000
vt 4.650000 -1.492257 0.000000
vt 4.650000 -1.243547 0.000000
vt -0.142256 -0.564197 0.000000
vt 0.000000 -0.950000 0.000000
vt 0.018356 -0.585342 0.000000
vt 0.245878 -0.917630 0.000000
vt 0.178968 -0.564197 0.000000
vt 0.475000 -0.822724 0.000000
vt 0.328635 -0.502203 0.000000
vt 0.671751 -0.671751 0.000000
vt 0.457156 -0.403585 0.000000
vt 0.822724 -0.475000 0.000000
vt 0.555774 -0.275063 0.000000
vt 0.917630 -0.245878 0.000000
vt 0.617768 -0.125396 0.000000
vt 0.950000 0.000000 0.000000
vt 0.638913 0.035216 0.000000
vt 0.917630 0.245878 0.000000
vt 0.617768 0.195828 0.000000
vt 0.822724 0.475000 0.000000
vt 0.555774 0.345494 0.000000
vt 0.671751 0.671751 0.000000
vt 0.457156 0.474016 0.000000
vt 0.475000 0.822724 0.000000
vt 0.328635 0.572634 0.000000
vt 0.178968 0.634628 0.000000
vt 0.245878 0.917630 0.000000
vt 0.018356 0.655773 0.000000
vt -0.000000 0.950000 0.000000
vt -0.142256 0.634628 0.000000
vt -0.245878 0.917630 0.000000
vt -0.291922 0.572634 0.000000
vt -0.475000 0.822724 0.000000
vt -0.420444 0.474016 0.000000
vt -0.671751 0.671751 0.000000
vt -0.519062 0.345494 0.000000
vt -0.822724 0.475000 0.000000
vt -0.581056 0.195828 0.000000
vt -0.917630 0.245878 0.000000
vt -0.602201 0.035216 0.000000
vt -0.950000 0.000000 0.000000
vt -0.581056 -0.125396 0.000000
vt -0.917630 -0.245878 0.000000
vt -0.519062 -0.275063 0.000000
vt -0.822724 -0.475000 0.000000
vt -0.420444 -0.403585 0.000000
vt -0.671751 -0.671751 0.000000
vt -0.291922 -0.502203 0.000000
vt -0.475000 -0.822724 0.000000
vt -0.245878 -0.917630 0.000000
vt -6.566145 -2.696999 0.000000
vt -6.481486 -2.451722 0.000000
vt -6.835366 -2.696999 0.000000
vt -6.753832 -2.411887 0.000000
vt -6.380788 -2.206445 0.000000
vt -6.655498 -2.126774 0.000000
vt -6.269035 -1.961168 0.000000
vt -6.546933 -1.841662 0.000000
vt -6.151761 -1.715891 0.000000
vt -6.435390 -1.556549 0.000000
vt -6.034773 -1.470614 0.000000
vt -6.328321 -1.271437 0.000000
vt -5.923864 -1.225337 0.000000
vt -6.232879 -0.986324 0.000000
vt -3.420535 -1.151917 0.000000
vt -3.420535 -0.863938 0.000000
vt -0.000000 -1.151917 0.000000
vt -0.000000 -0.863938 0.000000
vt -3.420535 -1.439897 0.000000
vt -5.923864 -1.384760 0.000000
vt -5.923864 -1.544182 0.000000
vt -3.420535 -1.727876 0.000000
vt -5.923864 -1.703604 0.000000
vt -6.042711 -1.951953 0.000000
vt -3.420535 -2.015855 0.000000
vt -6.156120 -2.200302 0.000000
vt -3.420535 -2.303835 0.000000
vt -5.923864 -2.407582 0.000000
vt -3.420535 -2.591814 0.000000
vt -5.923864 -2.669624 0.000000
vt -3.420535 -2.879793 0.000000
vt -5.923864 -2.931667 0.000000
vt -3.420535 -3.167773 0.000000
vt -5.923864 -3.193709 0.000000
vt -3.420535 -3.455752 0.000000
vt -5.923864 -3.455752 0.000000
vt -3.420535 3.455752 0.000000
vt -5.923864 3.455752 0.000000
vt -5.923864 3.193709 0.000000
vt -6.258333 -2.448651 0.000000
vt -6.039720 -2.680524 0.000000
vt -6.344163 -2.696999 0.000000
vt -6.125945 -2.696999 0.000000
vt -6.125945 -2.782488 0.000000
vt -6.125945 -2.867977 0.000000
vt -6.125945 -2.953466 0.000000
vt -3.420535 3.167773 0.000000
vt -5.923864 2.931667 0.000000
vt -3.420535 2.879793 0.000000
vt -5.923864 2.669624 0.000000
vt -3.420535 2.591814 0.000000
vt -5.923864 2.407582 0.000000
vt -3.420535 2.303835 0.000000
vt -6.161173 2.211871 0.000000
vt -3.420535 2.015855 0.000000
vt -6.045438 1.957738 0.000000
vt -3.420535 1.727876 0.000000
vt -5.923864 1.703604 0.000000
vt -5.923864 1.544182 0.000000
vt -6.264919 2.466005 0.000000
vt -6.039720 2.680524 0.000000
vt -6.351163 2.720138 0.000000
vt -6.125945 2.720138 0.000000
vt -6.125945 2.797914 0.000000
vt -6.125945 2.875690 0.000000
vt -6.125945 2.953466 0.000000
vt -3.420535 1.439897 0.000000
vt -5.923864 1.384760 0.000000
vt -5.923864 1.225337 0.000000
vt -6.036580 1.474471 0.000000
vt -6.336669 1.294576 0.000000
vt -6.240032 1.009463 0.000000
vt -3.420535 1.151917 0.000000
vt -3.420535 0.863938 0.000000
vt -0.000000 0.863938 0.000000
vt -0.000000 0.575959 0.000000
vt -3.420535 0.575959 0.000000
vt -0.000000 0.287979 0.000000
vt -3.420535 0.287979 0.000000
vt -0.000000 0.000000 0.000000
vt -3.420535 0.000000 0.000000
vt -0.000000 -0.287979 0.000000
vt -3.420535 -0.287979 0.000000
vt -0.000000 -0.575959 0.000000
vt -3.420535 -0.575959 0.000000
vt -6.444375 1.579688 0.000000
vt -6.155475 1.723604 0.000000
vt -6.555955 1.864801 0.000000
vt -6.274475 1.972738 0.000000
vt -6.663954 2.149913 0.000000
vt -6.387502 2.221871 0.000000
vt -6.761157 2.435026 0.000000
vt -6.488783 2.471005 0.000000
vt -6.841071 2.720138 0.000000
vt -6.573144 2.720138 0.000000
vt -6.160920 0.724351 0.000000
vt -6.104618 0.439238 0.000000
vt -6.074887 0.154126 0.000000
vt -6.073713 -0.130987 0.000000
vt -6.101176 -0.416099 0.000000
vt -6.155439 -0.701212 0.000000
vt -0.000000 -3.167773 0.000000
vt -0.000000 -3.455752 0.000000
vt -0.000000 3.455752 0.000000
vt -0.000000 3.167773 0.000000
vt -0.000000 2.879793 0.000000
vt -0.000000 2.591814 0.000000
vt -0.000000 2.303835 0.000000
vt -0.000000 2.015855 0.000000
vt -0.000000 1.727876 0.000000
vt -0.000000 1.439897 0.000000
vt -0.000000 1.151917 0.000000
vt -0.000000 -2.879793 0.000000
vt -0.000000 -2.591814 0.000000
vt -0.000000 -2.303835 0.000000
vt -0.000000 -2.015855 0.000000
vt -0.000000 -1.727876 0.000000
vt -0.000000 -1.439897 0.000000
vt -7.297332 -2.696999 0.000000
vt -7.050217 -2.696999 0.000000
vt -7.233251 -2.411887 0.000000
vt -6.968683 -2.411887 0.000000
vt -7.155966 -2.126774 0.000000
vt -6.870349 -2.126774 0.000000
vt -7.070640 -1.841662 0.000000
vt -6.761784 -1.841662 0.000000
vt -6.982974 -1.556549 0.000000
vt -6.650241 -1.556549 0.000000
vt -6.898824 -1.271437 0.000000
vt -6.543172 -1.271437 0.000000
vt -6.823812 -0.986324 0.000000
vt -6.447730 -0.986324 0.000000
vt -6.762949 -0.701212 0.000000
vt -6.370290 -0.701212 0.000000
vt -6.720301 -0.416099 0.000000
vt -6.316026 -0.416099 0.000000
vt -6.698717 -0.130987 0.000000
vt -6.288564 -0.130987 0.000000
vt -6.289737 0.154126 0.000000
vt -6.699639 0.154126 0.000000
vt -6.319469 0.439238 0.000000
vt -6.723006 0.439238 0.000000
vt -6.375771 0.724351 0.000000
vt -6.767256 0.724351 0.000000
vt -6.454883 1.009463 0.000000
vt -6.829434 1.009463 0.000000
vt -6.551520 1.294576 0.000000
vt -6.905385 1.294576 0.000000
vt -6.659226 1.579688 0.000000
vt -6.990036 1.579688 0.000000
vt -6.770806 1.864801 0.000000
vt -7.077731 1.864801 0.000000
vt -6.878804 2.149913 0.000000
vt -7.162612 2.149913 0.000000
vt -6.976007 2.435026 0.000000
vt -7.239008 2.435026 0.000000
vt -7.055921 2.720138 0.000000
vt -7.301815 2.720138 0.000000
vt -7.737277 -2.696999 0.000000
vt -7.506630 -2.696999 0.000000
vt -7.689861 -2.411887 0.000000
vt -7.442549 -2.411887 0.000000
vt -7.632674 -2.126774 0.000000
vt -7.365264 -2.126774 0.000000
vt -7.569537 -1.841662 0.000000
vt -7.279938 -1.841662 0.000000
vt -7.504669 -1.556549 0.000000
vt -7.192272 -1.556549 0.000000
vt -7.442402 -1.271437 0.000000
vt -7.108122 -1.271437 0.000000
vt -7.386897 -0.986324 0.000000
vt -7.033110 -0.986324 0.000000
vt -7.341862 -0.701212 0.000000
vt -6.972247 -0.701212 0.000000
vt -7.310304 -0.416099 0.000000
vt -6.929599 -0.416099 0.000000
vt -7.294333 -0.130987 0.000000
vt -6.908015 -0.130987 0.000000
vt -6.908937 0.154126 0.000000
vt -7.295016 0.154126 0.000000
vt -6.932304 0.439238 0.000000
vt -7.312306 0.439238 0.000000
vt -6.976554 0.724351 0.000000
vt -7.345049 0.724351 0.000000
vt -7.038732 1.009463 0.000000
vt -7.391057 1.009463 0.000000
vt -7.114683 1.294576 0.000000
vt -7.447257 1.294576 0.000000
vt -7.199334 1.579688 0.000000
vt -7.509894 1.579688 0.000000
vt -7.287029 1.864801 0.000000
vt -7.574784 1.864801 0.000000
vt -7.371909 2.149913 0.000000
vt -7.637591 2.149913 0.000000
vt -7.448306 2.435026 0.000000
vt -7.694120 2.435026 0.000000
vt -7.511113 2.720138 0.000000
vt -7.740595 2.720138 0.000000
vt -8.161296 -2.696999 0.000000
vt -7.942420 -2.696999 0.000000
vt -8.129983 -2.411887 0.000000
vt -7.895004 -2.411887 0.000000
vt -8.092219 -2.126774 0.000000
vt -7.837817 -2.126774 0.000000
vt -8.050525 -1.841662 0.000000
vt -7.774680 -1.841662 0.000000
vt -8.007688 -1.556549 0.000000
vt -7.709812 -1.556549 0.000000
vt -7.966568 -1.271437 0.000000
vt -7.647545 -1.271437 0.000000
vt -7.929914 -0.986324 0.000000
vt -7.592040 -0.986324 0.000000
vt -7.900174 -0.701212 0.000000
vt -7.547005 -0.701212 0.000000
vt -7.879334 -0.416099 0.000000
vt -7.515447 -0.416099 0.000000
vt -7.868788 -0.130987 0.000000
vt -7.499476 -0.130987 0.000000
vt -7.500159 0.154126 0.000000
vt -7.869238 0.154126 0.000000
vt -7.517449 0.439238 0.000000
vt -7.880656 0.439238 0.000000
vt -7.550192 0.724351 0.000000
vt -7.902279 0.724351 0.000000
vt -7.596200 1.009463 0.000000
vt -7.932661 1.009463 0.000000
vt -7.652400 1.294576 0.000000
vt -7.969774 1.294576 0.000000
vt -7.715037 1.579688 0.000000
vt -8.011138 1.579688 0.000000
vt -7.779927 1.864801 0.000000
vt -8.053990 1.864801 0.000000
vt -7.842734 2.149913 0.000000
vt -8.095466 2.149913 0.000000
vt -7.899263 2.435026 0.000000
vt -8.132796 2.435026 0.000000
vt -7.945738 2.720138 0.000000
vt -8.163487 2.720138 0.000000
vt -8.574722 -2.696999 0.000000
vt -8.363555 -2.696999 0.000000
vt -8.559153 -2.411887 0.000000
vt -8.332242 -2.411887 0.000000
vt -8.540377 -2.126774 0.000000
vt -8.294477 -2.126774 0.000000
vt -8.519647 -1.841662 0.000000
vt -8.252784 -1.841662 0.000000
vt -8.498349 -1.556549 0.000000
vt -8.209946 -1.556549 0.000000
vt -8.477905 -1.271437 0.000000
vt -8.168827 -1.271437 0.000000
vt -8.459681 -0.986324 0.000000
vt -8.132173 -0.986324 0.000000
vt -8.444894 -0.701212 0.000000
vt -8.102433 -0.701212 0.000000
vt -8.434533 -0.416099 0.000000
vt -8.081593 -0.416099 0.000000
vt -8.429289 -0.130987 0.000000
vt -8.071046 -0.130987 0.000000
vt -8.071497 0.154126 0.000000
vt -8.429513 0.154126 0.000000
vt -8.082915 0.439238 0.000000
vt -8.435190 0.439238 0.000000
vt -8.104538 0.724351 0.000000
vt -8.445940 0.724351 0.000000
vt -8.134920 1.009463 0.000000
vt -8.461046 1.009463 0.000000
vt -8.172033 1.294576 0.000000
vt -8.479499 1.294576 0.000000
vt -8.213397 1.579688 0.000000
vt -8.500064 1.579688 0.000000
vt -8.256249 1.864801 0.000000
vt -8.521370 1.864801 0.000000
vt -8.297725 2.149913 0.000000
vt -8.541992 2.149913 0.000000
vt -8.335055 2.435026 0.000000
vt -8.560552 2.435026 0.000000
vt -8.365746 2.720138 0.000000
vt -8.575811 2.720138 0.000000
vt -9.482412 -3.008432 0.000000
vt -9.182412 -3.008432 0.000000
vt -9.482412 -2.721914 0.000000
vt -9.182412 -2.721914 0.000000
vt -9.482412 -2.435397 0.000000
vt -9.182412 -2.435397 0.000000
vt -9.482412 -2.148880 0.000000
vt -9.182412 -2.148880 0.000000
vt -9.482412 -1.862363 0.000000
vt -9.182412 -1.862363 0.000000
vt -9.482412 -1.575845 0.000000
vt -9.182412 -1.575845 0.000000
vt -9.482412 -1.289328 0.000000
vt -9.182412 -1.289328 0.000000
vt -9.482412 -1.002811 0.000000
vt -9.182412 -1.002811 0.000000
vt -9.482412 -0.716293 0.000000
vt -9.182412 -0.716293 0.000000
vt -9.482412 -0.429776 0.000000
vt -9.182412 -0.429776 0.000000
vt -9.482412 -0.143259 0.000000
vt -9.182412 -0.143259 0.000000
vt -9.482412 0.143259 0.000000
vt -9.182412 0.143259 0.000000
vt -9.482412 0.429776 0.000000
vt -9.182412 0.429776 0.000000
vt -9.482412 0.716293 0.000000
vt -9.182412 0.716293 0.000000
vt -9.482412 1.002811 0.000000
vt -9.182412 1.002811 0.000000
vt -9.482412 1.289328 0.000000
vt -9.182412 1.289328 0.000000
vt -9.482412 1.575845 0.000000
vt -9.182412 1.575845 0.000000
vt -9.482412 1.862363 0.000000
vt -9.182412 1.862363 0.000000
vt -9.482412 2.148880 0.000000
vt -9.182412 2.148880 0.000000
vt -9.482412 2.435397 0.000000
vt -9.182412 2.435397 0.000000
vt -9.482412 2.721914 0.000000
vt -9.182412 2.721914 0.000000
vt -9.482412 3.008432 0.000000
vt -9.182412 3.008432 0.000000
vt -8.982412 -2.696999 0.000000
vt -8.775282 -2.696999 0.000000
vt -8.982412 -2.411887 0.000000
vt -8.759714 -2.411887 0.000000
vt -8.982412 -2.126774 0.000000
vt -8.740938 -2.126774 0.000000
vt -8.982412 -1.841662 0.000000
vt -8.720208 -1.841662 0.000000
vt -8.982412 -1.556549 0.000000
vt -8.698910 -1.556549 0.000000
vt -8.982412 -1.271437 0.000000
vt -8.678465 -1.271437 0.000000
vt -8.982412 -0.986324 0.000000
vt -8.660241 -0.986324 0.000000
vt -8.982412 -0.701212 0.000000
vt -8.645455 -0.701212 0.000000
vt -8.982412 -0.416099 0.000000
vt -8.635093 -0.416099 0.000000
vt -8.982412 -0.130987 0.000000
vt -8.629850 -0.130987 0.000000
vt -8.630074 0.154126 0.000000
vt -8.982412 0.154126 0.000000
vt -8.635751 0.439238 0.000000
vt -8.982412 0.439238 0.000000
vt -8.646501 0.724351 0.000000
vt -8.982412 0.724351 0.000000
vt -8.661607 1.009463 0.000000
vt -8.982412 1.009463 0.000000
vt -8.680059 1.294576 0.000000
vt -8.982412 1.294576 0.000000
vt -8.700625 1.579688 0.000000
vt -8.982412 1.579688 0.000000
vt -8.721931 1.864801 0.000000
vt -8.982412 1.864801 0.000000
vt -8.742552 2.149913 0.000000
vt -8.982412 2.149913 0.000000
vt -8.761113 2.435026 0.000000
vt -8.982412 2.435026 0.000000
vt -8.776372 2.720138 0.000000
vt -8.982412 2.720138 0.000000
vt 0.245878 0.917630 0.000000
vt 0.284701 1.062518 0.000000
vt -0.000000 0.950000 0.000000
vt -0.000000 1.100000 0.000000
vt -0.284701 1.062518 0.000000
vt 0.550000 0.952628 0.000000
vt 0.475000 0.822724 0.000000
vt 0.777817 0.777817 0.000000
vt 0.671751 0.671751 0.000000
vt 0.952628 0.550000 0.000000
vt 0.822724 0.475000 0.000000
vt 1.062518 0.284701 0.000000
vt 0.917630 0.245878 0.000000
vt 1.100000 0.000000 0.000000
vt 0.950000 0.000000 0.000000
vt 1.062518 -0.284701 0.000000
vt 0.917630 -0.245878 0.000000
vt 0.822724 -0.475000 0.000000
vt 0.952628 -0.550000 0.000000
vt 0.671751 -0.671751 0.000000
vt 0.777817 -0.777817 0.000000
vt 0.475000 -0.822724 0.000000
vt 0.550000 -0.952628 0.000000
vt 0.245878 -0.917630 0.000000
vt 0.284701 -1.062518 0.000000
vt 0.000000 -0.950000 0.000000
vt -0.000000 -1.100000 0.000000
vt -0.284701 -1.062518 0.000000
vt -0.245878 -0.917630 0.000000
vt -0.550000 -0.952628 0.000000
vt -0.475000 -0.822724 0.000000
vt -0.777817 -0.777817 0.000000
vt -0.671751 -0.671751 0.000000
vt -0.952628 -0.550000 0.000000
vt -0.822724 -0.475000 0.000000
vt -1.062518 -0.284701 0.000000
vt -0.917630 -0.245878 0.000000
vt -1.100000 0.000000 0.000000
vt -0.950000 -0.000000 0.000000
vt -0.917630 0.245878 0.000000
vt -1.062518 0.284701 0.000000
vt -0.822724 0.475000 0.000000
vt -0.952628 0.550000 0.000000
vt -0.671751 0.671751 0.000000
vt -0.777817 0.777817 0.000000
vt -0.475000 0.822724 0.000000
vt -0.550000 0.952628 0.000000
vt -0.245878 0.917630 0.000000
vt -2.455220 0.463533 0.000000
vt -2.455220 -0.000000 0.000000
vt -2.293001 0.463533 0.000000
vt -2.084665 0.269437 0.000000
vt -1.833401 0.135071 0.000000
vt -1.555995 0.069413 0.000000
vt -1.270981 0.076848 0.000000
vt 0.608466 0.000000 0.000000
vt -0.997397 0.156880 0.000000
vt -0.753522 0.304163 0.000000
vt -0.555648 0.508856 0.000000
vt -0.416993 0.757286 0.000000
vt -0.346821 1.032855 0.000000
vt -0.349820 1.317155 0.000000
vt 0.608466 2.580000 0.000000
vt -0.425789 1.591191 0.000000
vt -0.569653 1.836658 0.000000
vt -0.771801 2.037155 0.000000
vt -1.018728 2.179290 0.000000
vt -1.293939 2.253566 0.000000
vt -2.455220 2.580000 0.000000
vt -1.579048 2.255022 0.000000
vt -1.855007 2.183560 0.000000
vt -2.103381 2.043954 0.000000
vt -2.455220 1.845531 0.000000
vt -2.307577 1.845531 0.000000
vt 1.574900 0.728440 0.000000
vt 1.428770 0.482930 0.000000
vt 1.574900 -0.000000 0.000000
vt 1.224342 0.283335 0.000000
vt 0.975407 0.143120 0.000000
vt 0.698758 0.071744 0.000000
vt 0.413059 0.074022 0.000000
vt -1.574900 0.000000 0.000000
vt 0.137583 0.149801 0.000000
vt -0.109084 0.293969 0.000000
vt -0.310303 0.496799 0.000000
vt -0.452499 0.744608 0.000000
vt -0.526079 1.020679 0.000000
vt -0.526079 1.306387 0.000000
vt -1.574900 2.580000 0.000000
vt -0.452499 1.582458 0.000000
vt -0.310303 1.830267 0.000000
vt -0.109084 2.033097 0.000000
vt 0.137583 2.177265 0.000000
vt 0.413059 2.253044 0.000000
vt 1.574900 2.580000 0.000000
vt 0.698758 2.255322 0.000000
vt 0.975407 2.183946 0.000000
vt 1.224342 2.043731 0.000000
vt 1.428770 1.844136 0.000000
vt 1.574900 1.598626 0.000000
vt -5.459886 1.598626 0.000000
vt -5.159886 1.598626 0.000000
vt -5.459886 2.580000 0.000000
vt -5.159886 2.580000 0.000000
vt -2.410464 0.463533 0.000000
vt -2.410464 -0.000000 0.000000
vt -2.246871 0.463533 0.000000
vt -2.036771 0.269437 0.000000
vt -1.783380 0.135071 0.000000
vt -1.503626 0.069413 0.000000
vt -1.216198 0.076848 0.000000
vt 0.598267 0.000000 0.000000
vt -0.940298 0.156880 0.000000
vt -0.694358 0.304163 0.000000
vt -0.494808 0.508856 0.000000
vt -0.354980 0.757286 0.000000
vt -0.284213 1.032855 0.000000
vt -0.287237 1.317155 0.000000
vt 0.598267 2.580000 0.000000
vt -0.363850 1.591191 0.000000
vt -0.508932 1.836658 0.000000
vt -0.712791 2.037155 0.000000
vt -0.961810 2.179290 0.000000
vt -1.239351 2.253566 0.000000
vt -2.410464 2.580000 0.000000
vt -1.526873 2.255022 0.000000
vt -1.805169 2.183560 0.000000
vt -2.055646 2.043954 0.000000
vt -2.410464 1.845531 0.000000
vt -2.261571 1.845531 0.000000
vt -2.334452 0.463533 0.000000
vt -2.334452 -0.000000 0.000000
vt -2.168526 0.463533 0.000000
vt -1.955430 0.269437 0.000000
vt -1.698425 0.135071 0.000000
vt -1.414682 0.069413 0.000000
vt -1.123155 0.076848 0.000000
vt 0.621540 0.000000 0.000000
vt -0.843321 0.156880 0.000000
vt -0.593874 0.304163 0.000000
vt -0.391479 0.508856 0.000000
vt -0.249657 0.757286 0.000000
vt -0.177881 1.032855 0.000000
vt -0.180949 1.317155 0.000000
vt 0.621540 2.580000 0.000000
vt -0.258653 1.591191 0.000000
vt -0.405804 1.836658 0.000000
vt -0.612571 2.037155 0.000000
vt -0.865140 2.179290 0.000000
vt -1.146639 2.253566 0.000000
vt -2.334452 2.580000 0.000000
vt -1.438261 2.255022 0.000000
vt -1.720525 2.183560 0.000000
vt -1.974574 2.043954 0.000000
vt -2.334452 1.845531 0.000000
vt -2.183435 1.845531 0.000000
vt -2.224946 0.463533 0.000000
vt -2.224946 0.000000 0.000000
vt -2.055660 0.463533 0.000000
vt -1.838248 0.269437 0.000000
vt -1.576038 0.135071 0.000000
vt -1.286548 0.069413 0.000000
vt -0.989117 0.076848 0.000000
vt 0.678635 0.000000 0.000000
vt -0.703616 0.156880 0.000000
vt -0.449117 0.304163 0.000000
vt -0.242622 0.508856 0.000000
vt -0.097927 0.757286 0.000000
vt -0.024698 1.032855 0.000000
vt -0.027828 1.317155 0.000000
vt 0.678635 2.580000 0.000000
vt -0.107106 1.591191 0.000000
vt -0.257237 1.836658 0.000000
vt -0.468192 2.037155 0.000000
vt -0.725876 2.179290 0.000000
vt -1.013076 2.253566 0.000000
vt -2.224946 2.580000 0.000000
vt -1.310605 2.255022 0.000000
vt -1.598586 2.183560 0.000000
vt -1.857780 2.043954 0.000000
vt -2.224946 1.845531 0.000000
vt -2.070872 1.845531 0.000000
vt -2.078594 0.463533 0.000000
vt -2.078594 -0.000000 0.000000
vt -1.904816 0.463533 0.000000
vt -1.681636 0.269437 0.000000
vt -1.412469 0.135071 0.000000
vt -1.115299 0.069413 0.000000
vt 0.770418 0.000000 0.000000
vt -0.809977 0.076848 0.000000
vt -0.516901 0.156880 0.000000
vt -0.255649 0.304163 0.000000
vt -0.043676 0.508856 0.000000
vt 0.104857 0.757286 0.000000
vt 0.180029 1.032855 0.000000
vt 0.176817 1.317155 0.000000
vt 0.770418 2.580000 0.000000
vt 0.095435 1.591191 0.000000
vt -0.058679 1.836658 0.000000
vt -0.275230 2.037155 0.000000
vt -0.539752 2.179290 0.000000
vt -0.834571 2.253566 0.000000
vt -2.078594 2.580000 0.000000
vt -1.139994 2.255022 0.000000
vt -1.435615 2.183560 0.000000
vt -1.701686 2.043954 0.000000
vt -2.078594 1.845531 0.000000
vt -1.920431 1.845531 0.000000
vt -2.940034 0.603403 0.000000
vt -3.133611 0.779102 0.000000
vt -2.940034 0.083533 0.000000
vt -3.493058 0.083533 0.000000
vt -3.280260 0.995519 0.000000
vt -3.371699 1.240429 0.000000
vt -3.402764 1.500000 0.000000
vt -3.493058 2.663533 0.000000
vt -3.371699 1.759571 0.000000
vt -3.280260 2.004481 0.000000
vt -3.133611 2.220898 0.000000
vt -2.940034 2.663533 0.000000
vt -2.940034 2.396597 0.000000
vt -2.116693 0.463533 0.000000
vt -2.399536 0.463533 0.000000
vt -2.116693 0.000000 0.000000
vt -2.399536 0.000000 0.000000
vt 1.614800 0.463533 0.000000
vt 1.416976 0.291348 0.000000
vt 1.794345 0.463533 0.000000
vt 1.794345 -0.000000 0.000000
vt 1.181390 0.163431 0.000000
vt 0.920001 0.086277 0.000000
vt 0.646075 0.063801 0.000000
vt 0.646075 -0.000000 0.000000
vt -2.278494 2.599732 0.000000
vt -2.119923 2.584698 0.000000
vt -2.278494 2.663533 0.000000
vt -1.817525 2.663533 0.000000
vt -1.965185 2.546919 0.000000
vt -1.817525 2.487190 0.000000
vt -1.711111 0.463533 0.000000
vt -1.890656 0.463533 0.000000
vt -1.515987 0.293223 0.000000
vt -1.890656 -0.000000 0.000000
vt -1.283892 0.166005 0.000000
vt -1.026320 0.088179 0.000000
vt -0.756022 0.063598 0.000000
vt -0.230753 -0.000000 0.000000
vt -0.486383 0.093480 0.000000
vt -0.230753 0.176343 0.000000
vt -1.817525 0.512810 0.000000
vt -1.965185 0.453081 0.000000
vt -1.817525 0.083533 0.000000
vt -2.119923 0.415302 0.000000
vt -2.278494 0.083533 0.000000
vt -2.278494 0.400268 0.000000
vt -0.828727 0.083533 0.000000
vt -0.042912 0.083533 0.000000
vt -0.828727 2.663533 0.000000
vt -0.042912 2.663533 0.000000
vt 0.000000 -0.730584 0.000000
vt -2.580000 -0.730584 0.000000
vt 0.000000 -0.783008 0.000000
vt -1.290000 -0.809220 0.000000
vt 0.000000 -0.835432 0.000000
vt 0.000000 -0.887856 0.000000
vt -2.580000 -0.835432 0.000000
vt -2.580000 -0.887856 0.000000
vt -2.580000 -0.783008 0.000000
vt -1.930402 1.710246 0.000000
vt -2.079417 1.092184 0.000000
vt -1.930402 0.924431 0.000000
vt -3.120241 -1.559900 0.000000
vt -2.905390 -1.559900 0.000000
vt -1.930402 -1.739900 0.000000
vt -2.650582 -1.559900 0.000000
vt -2.428600 -1.559900 0.000000
vt -1.930402 -0.525336 0.000000
vt -1.960778 1.752890 0.000000
vt -2.295765 1.708336 0.000000
vt -2.315745 1.660100 0.000000
vt -2.347529 1.618679 0.000000
vt -2.288950 1.760100 0.000000
vt -1.983277 1.800167 0.000000
vt -1.997215 1.850635 0.000000
vt -2.295765 1.811864 0.000000
vt -2.032366 1.963893 0.000000
vt -2.315745 1.860100 0.000000
vt -2.093202 2.065687 0.000000
vt -2.347529 1.901521 0.000000
vt -2.176299 2.150291 0.000000
vt -2.388950 1.933305 0.000000
vt -2.276983 2.212946 0.000000
vt -2.437186 1.953285 0.000000
vt -2.389590 2.250128 0.000000
vt -2.488950 1.960100 0.000000
vt -2.507787 2.259745 0.000000
vt -2.624924 2.241256 0.000000
vt -2.540714 1.953285 0.000000
vt -2.734413 2.195701 0.000000
vt -2.588950 1.933305 0.000000
vt -2.830093 2.125642 0.000000
vt -2.630371 1.901521 0.000000
vt -2.906584 2.035021 0.000000
vt -2.662155 1.860100 0.000000
vt -2.951182 1.981866 0.000000
vt -2.682135 1.811864 0.000000
vt -3.006798 1.940378 0.000000
vt -2.688950 1.760100 0.000000
vt -3.070458 1.912777 0.000000
vt -2.682135 1.708336 0.000000
vt -3.130448 1.289309 0.000000
vt -2.662155 1.660100 0.000000
vt -2.989261 1.265125 0.000000
vt -2.630371 1.618679 0.000000
vt -2.848194 1.240252 0.000000
vt -2.588950 1.586895 0.000000
vt -2.707249 1.214693 0.000000
vt -2.540714 1.566915 0.000000
vt -2.509388 1.177614 0.000000
vt -2.488950 1.560100 0.000000
vt -2.437186 1.566915 0.000000
vt -2.365923 1.149850 0.000000
vt -2.388950 1.586895 0.000000
vt -2.222598 1.121373 0.000000
vt -3.138757 1.900540 0.000000
vt -3.328133 1.321984 0.000000
vt -3.780736 -1.559900 0.000000
vt -3.985879 -1.559900 0.000000
vt -6.188950 -1.739900 0.000000
vt -4.192215 -1.559900 0.000000
vt -4.394474 -1.559900 0.000000
vt -3.946063 1.415229 0.000000
vt -3.748086 1.386816 0.000000
vt -4.192041 2.053337 0.000000
vt -3.208040 1.904320 0.000000
vt -3.607998 1.365880 0.000000
vt -3.468013 1.344269 0.000000
vt -5.181239 2.162666 0.000000
vt -4.706241 1.511605 0.000000
vt -4.565002 1.495220 0.000000
vt -4.366257 1.470990 0.000000
vt -4.793943 -1.559900 0.000000
vt -4.593382 -1.559900 0.000000
vt -6.174033 2.232132 0.000000
vt -5.888950 1.933305 0.000000
vt -5.847529 1.901521 0.000000
vt -5.815745 1.860100 0.000000
vt -6.243179 2.227561 0.000000
vt -6.088950 1.933305 0.000000
vt -6.040714 1.953285 0.000000
vt -5.988950 1.960100 0.000000
vt -6.309431 2.207247 0.000000
vt -6.369255 2.172274 0.000000
vt -6.130371 1.901521 0.000000
vt -6.419459 2.124507 0.000000
vt -6.457363 2.066496 0.000000
vt -6.480947 2.001336 0.000000
vt -6.162155 1.860100 0.000000
vt -6.488950 1.932503 0.000000
vt -6.182135 1.811864 0.000000
vt -6.188950 1.760100 0.000000
vt -6.182135 1.708336 0.000000
vt -6.162155 1.660100 0.000000
vt -6.130371 1.618679 0.000000
vt -6.130371 -1.098479 0.000000
vt -6.088950 1.586895 0.000000
vt -6.088950 -1.066695 0.000000
vt -6.040714 1.566915 0.000000
vt -6.040714 -1.046715 0.000000
vt -5.988950 1.560100 0.000000
vt -5.988950 -1.039900 0.000000
vt -5.937186 -1.046715 0.000000
vt -6.488950 -1.439900 0.000000
vt -6.162155 -1.139900 0.000000
vt -6.182135 -1.188136 0.000000
vt -6.188950 -1.239900 0.000000
vt -6.182135 -1.291664 0.000000
vt -6.162155 -1.339900 0.000000
vt -6.130371 -1.381321 0.000000
vt -6.478728 -1.517546 0.000000
vt -6.448758 -1.589900 0.000000
vt -6.401082 -1.652032 0.000000
vt -6.088950 -1.413105 0.000000
vt -6.338950 -1.699708 0.000000
vt -6.266596 -1.729678 0.000000
vt -6.040714 -1.433085 0.000000
vt -5.988950 -1.439900 0.000000
vt -5.937186 -1.433085 0.000000
vt -5.488950 -1.559900 0.000000
vt -5.888950 -1.413105 0.000000
vt -5.847529 -1.381321 0.000000
vt -5.815745 -1.339900 0.000000
vt -5.795765 -1.291664 0.000000
vt -5.788950 -1.239900 0.000000
vt -5.795765 -1.188136 0.000000
vt -5.815745 -1.139900 0.000000
vt -5.488950 1.589900 0.000000
vt -5.847529 -1.098479 0.000000
vt -5.888950 -1.066695 0.000000
vt -5.937186 1.566915 0.000000
vt -1.930402 -1.186876 0.000000
vt -2.145758 -1.559900 0.000000
vt -1.930402 -0.064367 0.000000
vt -3.353766 -1.559900 0.000000
vt -3.563064 -1.559900 0.000000
vt -4.226103 1.453076 0.000000
vt -4.086037 1.434489 0.000000
vt -4.988950 1.542326 0.000000
vt -5.188950 -1.559900 0.000000
vt -4.988950 -1.559900 0.000000
vt -4.847559 1.527308 0.000000
vt -5.188950 1.562390 0.000000
vt -5.388919 1.581072 0.000000
vt -5.795765 1.811864 0.000000
vt -5.788950 1.760100 0.000000
vt -5.288918 1.571902 0.000000
vt -5.795765 1.708336 0.000000
vt -5.815745 1.660100 0.000000
vt -5.847529 1.618679 0.000000
vt -5.888950 1.586895 0.000000
vt -5.937186 1.953285 0.000000
vt 1.930402 0.924431 0.000000
vt 2.079417 1.092184 0.000000
vt 1.930402 1.710246 0.000000
vt 2.222598 1.121373 0.000000
vt 2.347529 1.618679 0.000000
vt 2.388950 1.586895 0.000000
vt 2.365923 1.149850 0.000000
vt 2.437186 1.566915 0.000000
vt 2.509388 1.177614 0.000000
vt 2.488950 1.560100 0.000000
vt 2.540714 1.566915 0.000000
vt 2.707249 1.214693 0.000000
vt 2.588950 1.586895 0.000000
vt 2.848194 1.240252 0.000000
vt 2.630371 1.618679 0.000000
vt 2.989261 1.265125 0.000000
vt 2.662155 1.660100 0.000000
vt 3.130448 1.289309 0.000000
vt 2.682135 1.708336 0.000000
vt 3.070458 1.912777 0.000000
vt 2.688950 1.760100 0.000000
vt 3.006798 1.940378 0.000000
vt 2.682135 1.811864 0.000000
vt 2.951182 1.981866 0.000000
vt 2.662155 1.860100 0.000000
vt 2.906584 2.035021 0.000000
vt 2.630371 1.901521 0.000000
vt 2.830093 2.125642 0.000000
vt 2.588950 1.933305 0.000000
vt 2.734413 2.195701 0.000000
vt 2.540714 1.953285 0.000000
vt 2.624924 2.241256 0.000000
vt 2.488950 1.960100 0.000000
vt 2.507787 2.259745 0.000000
vt 2.389590 2.250128 0.000000
vt 3.120241 -1.559900 0.000000
vt 2.905390 -1.559900 0.000000
vt 1.930402 -1.739900 0.000000
vt 2.650582 -1.559900 0.000000
vt 2.428600 -1.559900 0.000000
vt 1.930402 -0.525336 0.000000
vt 1.930402 -0.064367 0.000000
vt 2.145758 -1.559900 0.000000
vt 1.930402 -1.186876 0.000000
vt 6.188950 -1.739900 0.000000
vt 3.985879 -1.559900 0.000000
vt 3.780736 -1.559900 0.000000
vt 3.563064 -1.559900 0.000000
vt 6.266596 -1.729678 0.000000
vt 6.088950 -1.413105 0.000000
vt 6.040714 -1.433085 0.000000
vt 5.988950 -1.439900 0.000000
vt 6.338950 -1.699708 0.000000
vt 6.401082 -1.652032 0.000000
vt 6.130371 -1.381321 0.000000
vt 6.448758 -1.589900 0.000000
vt 6.478728 -1.517546 0.000000
vt 6.488950 -1.439900 0.000000
vt 6.162155 -1.339900 0.000000
vt 6.182135 -1.291664 0.000000
vt 6.188950 -1.239900 0.000000
vt 6.182135 -1.188136 0.000000
vt 6.162155 -1.139900 0.000000
vt 6.130371 -1.098479 0.000000
vt 6.488950 1.932503 0.000000
vt 6.130371 1.618679 0.000000
vt 6.162155 1.660100 0.000000
vt 6.182135 1.708336 0.000000
vt 6.188950 1.760100 0.000000
vt 6.182135 1.811864 0.000000
vt 6.162155 1.860100 0.000000
vt 6.480947 2.001336 0.000000
vt 6.130371 1.901521 0.000000
vt 6.457363 2.066496 0.000000
vt 6.419459 2.124507 0.000000
vt 6.369255 2.172274 0.000000
vt 6.088950 1.933305 0.000000
vt 6.309431 2.207247 0.000000
vt 6.243179 2.227561 0.000000
vt 6.174033 2.232132 0.000000
vt 6.040714 1.953285 0.000000
vt 5.988950 1.960100 0.000000
vt 5.937186 1.953285 0.000000
vt 5.888950 1.933305 0.000000
vt 5.181239 2.162666 0.000000
vt 5.847529 1.901521 0.000000
vt 5.815745 1.860100 0.000000
vt 5.795765 1.811864 0.000000
vt 5.488950 1.589900 0.000000
vt 5.788950 1.760100 0.000000
vt 5.795765 1.708336 0.000000
vt 5.815745 1.660100 0.000000
vt 5.847529 1.618679 0.000000
vt 5.888950 1.586895 0.000000
vt 5.937186 1.566915 0.000000
vt 5.937186 -1.046715 0.000000
vt 5.988950 1.560100 0.000000
vt 5.988950 -1.039900 0.000000
vt 6.040714 -1.046715 0.000000
vt 4.192041 2.053337 0.000000
vt 4.706241 1.511605 0.000000
vt 4.847559 1.527308 0.000000
vt 4.988950 1.542326 0.000000
vt 3.208040 1.904320 0.000000
vt 3.748086 1.386816 0.000000
vt 3.946063 1.415229 0.000000
vt 4.086037 1.434489 0.000000
vt 3.138757 1.900540 0.000000
vt 3.328133 1.321984 0.000000
vt 3.468013 1.344269 0.000000
vt 3.607998 1.365880 0.000000
vt 2.437186 1.953285 0.000000
vt 2.276983 2.212946 0.000000
vt 2.388950 1.933305 0.000000
vt 2.176299 2.150291 0.000000
vt 2.347529 1.901521 0.000000
vt 2.093202 2.065687 0.000000
vt 2.315745 1.860100 0.000000
vt 2.032366 1.963893 0.000000
vt 2.295765 1.811864 0.000000
vt 1.997215 1.850635 0.000000
vt 2.288950 1.760100 0.000000
vt 1.983277 1.800167 0.000000
vt 1.960778 1.752890 0.000000
vt 2.295765 1.708336 0.000000
vt 2.315745 1.660100 0.000000
vt 5.795765 -1.291664 0.000000
vt 5.788950 -1.239900 0.000000
vt 5.488950 -1.559900 0.000000
vt 5.795765 -1.188136 0.000000
vt 5.815745 -1.139900 0.000000
vt 5.847529 -1.098479 0.000000
vt 5.888950 -1.066695 0.000000
vt 6.040714 1.566915 0.000000
vt 6.088950 -1.066695 0.000000
vt 6.088950 1.586895 0.000000
vt 5.937186 -1.433085 0.000000
vt 5.188950 -1.559900 0.000000
vt 5.888950 -1.413105 0.000000
vt 5.847529 -1.381321 0.000000
vt 5.815745 -1.339900 0.000000
vt 5.188950 1.562390 0.000000
vt 4.988950 -1.559900 0.000000
vt 4.793943 -1.559900 0.000000
vt 4.593382 -1.559900 0.000000
vt 4.366257 1.470990 0.000000
vt 4.565002 1.495220 0.000000
vt 5.288918 1.571902 0.000000
vt 5.388919 1.581072 0.000000
vt 4.226103 1.453076 0.000000
vt 4.394474 -1.559900 0.000000
vt 4.192215 -1.559900 0.000000
vt 3.353766 -1.559900 0.000000
vt -2.470000 1.598626 0.000000
vt -2.323870 1.844136 0.000000
vt -2.470000 2.580000 0.000000
vt -2.119442 2.043731 0.000000
vt -1.870507 2.183946 0.000000
vt -1.593858 2.255322 0.000000
vt -1.308159 2.253044 0.000000
vt 0.652290 2.580000 0.000000
vt -1.032683 2.177265 0.000000
vt -0.786016 2.033097 0.000000
vt -0.584797 1.830267 0.000000
vt -0.442601 1.582458 0.000000
vt -0.369021 1.306387 0.000000
vt 0.652290 0.000000 0.000000
vt -0.369021 1.020679 0.000000
vt -0.442601 0.744608 0.000000
vt -0.584797 0.496799 0.000000
vt -0.786016 0.293969 0.000000
vt -1.032683 0.149801 0.000000
vt -1.308159 0.074022 0.000000
vt -2.470000 -0.000000 0.000000
vt -1.593858 0.071744 0.000000
vt -1.870507 0.143120 0.000000
vt -2.119442 0.283335 0.000000
vt -2.323870 0.482930 0.000000
vt -2.470000 0.728440 0.000000
vt 2.580000 49.020491 0.000000
vt 0.000000 49.020491 0.000000
vt 2.580000 48.920071 0.000000
vt 0.000000 48.920071 0.000000
vt 2.580000 48.819651 0.000000
vt 0.000000 48.819651 0.000000
vt 2.580000 48.719231 0.000000
vt 0.000000 48.719231 0.000000
vt 0.000000 49.221495 0.000000
vt 2.580000 49.221495 0.000000
vt -0.000000 49.363682 0.000000
vt 2.580000 49.363682 0.000000
vt -0.000000 49.505869 0.000000
vt 2.580000 49.505869 0.000000
vt 0.000000 49.648056 0.000000
vt 2.580000 49.648056 0.000000
vt 0.000000 49.848273 0.000000
vt 2.580000 49.848273 0.000000
vt -0.000000 49.989567 0.000000
vt 2.580000 49.989567 0.000000
vt -0.000000 50.130861 0.000000
vt 2.580000 50.130861 0.000000
vt 0.000000 50.272155 0.000000
vt 2.580000 50.272155 0.000000
vt 0.000000 50.472160 0.000000
vt 2.580000 50.472160 0.000000
vt 0.000000 50.613804 0.000000
vt 2.580000 50.613804 0.000000
vt 0.000000 50.755448 0.000000
vt 2.580000 50.755448 0.000000
vt 0.000000 50.897092 0.000000
vt 2.580000 50.897092 0.000000
vt 0.000000 51.097460 0.000000
vt 2.580000 51.097460 0.000000
vt -0.000000 51.240703 0.000000
vt 2.580000 51.240703 0.000000
vt -0.000000 51.383946 0.000000
vt 2.580000 51.383946 0.000000
vt 0.000000 51.527189 0.000000
vt 2.580000 51.527189 0.000000
vt 0.000000 51.728495 0.000000
vt 2.580000 51.728495 0.000000
vt -0.000000 51.874622 0.000000
vt 2.580000 51.874622 0.000000
vt -0.000000 52.020749 0.000000
vt 2.580000 52.020749 0.000000
vt 0.000000 52.166875 0.000000
vt 2.580000 52.166875 0.000000
vt 1.630934 1.845531 0.000000
vt 1.794345 1.845531 0.000000
vt 1.432155 2.025036 0.000000
vt 1.794345 2.580000 0.000000
vt 1.193036 2.158762 0.000000
vt 0.926285 2.239604 0.000000
vt 0.646075 2.580000 0.000000
vt 0.646075 2.263265 0.000000
vt -1.692850 -0.000000 0.000000
vt 1.679553 0.000000 0.000000
vt -1.692850 2.580000 0.000000
vt 1.679553 2.580000 0.000000
vt 1.932483 0.463533 0.000000
vt 1.730402 0.000000 0.000000
vt 4.987424 0.463533 0.000000
vt 5.988950 0.000000 0.000000
vt 4.987424 1.845531 0.000000
vt 5.988950 2.580000 0.000000
vt 1.730402 2.580000 0.000000
vt 1.932483 1.845531 0.000000
vt -2.580000 0.291088 0.000000
vt 0.000000 0.291088 0.000000
vt -2.580000 0.409955 0.000000
vt 0.000000 0.409955 0.000000
vt 0.000000 0.528822 0.000000
vt -2.580000 0.528822 0.000000
vt 0.000000 0.647689 0.000000
vt -2.580000 0.647689 0.000000
vt 0.000000 0.766557 0.000000
vt -2.580000 0.766557 0.000000
vt -0.000000 0.885424 0.000000
vt -2.580000 0.885424 0.000000
vt -0.000000 1.004291 0.000000
vt -2.580000 1.004291 0.000000
vt -0.000000 1.123158 0.000000
vt -2.580000 1.123158 0.000000
vt -0.000000 1.242025 0.000000
vt -2.580000 1.242025 0.000000
vt -0.000000 1.360892 0.000000
vt -2.580000 1.360892 0.000000
vt -2.580000 1.479759 0.000000
vt -0.000000 1.479759 0.000000
vt -5.159886 0.728440 0.000000
vt -5.459886 0.728440 0.000000
vt -5.159886 0.000000 0.000000
vt -5.459886 0.000000 0.000000
vt -2.580000 40.100945 0.000000
vt -0.000000 40.100945 0.000000
vt -2.580000 41.096233 0.000000
vt -0.000000 41.096233 0.000000
vt 0.000000 42.091521 0.000000
vt -0.000000 43.086809 0.000000
vt -2.580000 43.086809 0.000000
vt -2.580000 42.091521 0.000000
vt -2.580000 -0.522361 0.000000
vt 0.000000 -0.522361 0.000000
vt -1.290000 -0.452820 0.000000
vt -0.000000 -0.452820 0.000000
vt -1.290000 -0.383278 0.000000
vt -0.000000 -0.383278 0.000000
vt -1.290000 -0.313736 0.000000
vt -0.000000 -0.313736 0.000000
vt -1.290000 -0.244195 0.000000
vt -0.000000 -0.244195 0.000000
vt -0.000000 -0.174653 0.000000
vt -2.580000 -0.174653 0.000000
vt -2.580000 -0.244195 0.000000
vt -2.580000 -0.313736 0.000000
vt -2.580000 -0.383278 0.000000
vt -2.580000 -0.452820 0.000000
vt -2.580000 0.000000 0.000000
vt 0.000000 0.000000 0.000000
vt -1.290000 0.069452 0.000000
vt 0.000000 0.069452 0.000000
vt -1.290000 0.138904 0.000000
vt 0.000000 0.138904 0.000000
vt -1.290000 0.208355 0.000000
vt 0.000000 0.208355 0.000000
vt -1.290000 0.277807 0.000000
vt 0.000000 0.277807 0.000000
vt -1.290000 0.347259 0.000000
vt 0.000000 0.347259 0.000000
vt -1.290000 0.416711 0.000000
vt 0.000000 0.416711 0.000000
vt -0.000000 0.486162 0.000000
vt -2.580000 0.486162 0.000000
vt -2.580000 0.416711 0.000000
vt -2.580000 0.347259 0.000000
vt -2.580000 0.277807 0.000000
vt -2.580000 0.208355 0.000000
vt -2.580000 0.138904 0.000000
vt -2.580000 0.069452 0.000000
vt 2.580000 -0.471239 0.000000
vt -0.000000 -0.471239 0.000000
vt 1.290000 -0.549779 0.000000
vt -0.000000 -0.549779 0.000000
vt 1.290000 -0.628319 0.000000
vt -0.000000 -0.628319 0.000000
vt 1.290000 -0.706858 0.000000
vt -0.000000 -0.706858 0.000000
vt 1.290000 -0.785398 0.000000
vt -0.000000 -0.785398 0.000000
vt 1.290000 -0.863938 0.000000
vt -0.000000 -0.863938 0.000000
vt -0.000000 -0.942478 0.000000
vt 2.580000 -0.942478 0.000000
vt 2.580000 -0.863938 0.000000
vt 2.580000 -0.785398 0.000000
vt 2.580000 -0.706858 0.000000
vt 2.580000 -0.628319 0.000000
vt 2.580000 -0.549779 0.000000
vt 2.580000 0.052360 0.000000
vt 1.720000 0.052360 0.000000
vt 2.580000 0.000000 0.000000
vt 1.720000 0.000000 0.000000
vt 2.580000 -0.052360 0.000000
vt 1.720000 -0.052360 0.000000
vt 2.580000 -0.104720 0.000000
vt 1.720000 -0.104720 0.000000
vt 2.580000 -0.157080 0.000000
vt 1.720000 -0.157080 0.000000
vt 2.580000 -0.209440 0.000000
vt 1.720000 -0.209440 0.000000
vt 2.580000 -0.261799 0.000000
vt 1.720000 -0.261799 0.000000
vt 2.580000 -0.314159 0.000000
vt 1.720000 -0.314159 0.000000
vt 2.580000 -0.366519 0.000000
vt 1.720000 -0.366519 0.000000
vt 2.580000 -0.418879 0.000000
vt 1.720000 -0.418879 0.000000
vt 2.580000 -0.471239 0.000000
vt 1.720000 -0.471239 0.000000
vt 2.580000 -0.523599 0.000000
vt 1.720000 -0.523599 0.000000
vt 2.580000 -0.575959 0.000000
vt 1.720000 -0.575959 0.000000
vt 2.580000 -0.628319 0.000000
vt 1.720000 -0.628319 0.000000
vt 2.580000 0.628319 0.000000
vt 1.720000 0.628319 0.000000
vt 2.580000 0.575959 0.000000
vt 1.720000 0.575959 0.000000
vt 2.580000 0.523599 0.000000
vt 1.720000 0.523599 0.000000
vt 2.580000 0.471239 0.000000
vt 1.720000 0.471239 0.000000
vt 2.580000 0.418879 0.000000
vt 1.720000 0.418879 0.000000
vt 2.580000 0.366519 0.000000
vt 1.720000 0.366519 0.000000
vt 2.580000 0.314159 0.000000
vt 1.720000 0.314159 0.000000
vt 2.580000 0.261799 0.000000
vt 1.720000 0.261799 0.000000
vt 2.580000 0.209440 0.000000
vt 1.720000 0.209440 0.000000
vt 2.580000 0.157080 0.000000
vt 1.720000 0.157080 0.000000
vt 2.580000 0.104720 0.000000
vt 1.720000 0.104720 0.000000
vt -0.000000 -0.052360 0.000000
vt 0.860000 -0.052360 0.000000
vt -0.000000 0.000000 0.000000
vt 0.860000 0.000000 0.000000
vt -0.000000 0.052360 0.000000
vt 0.860000 0.052360 0.000000
vt 0.000000 0.104720 0.000000
vt 0.860000 0.104720 0.000000
vt -0.000000 0.157080 0.000000
vt 0.860000 0.157080 0.000000
vt 0.000000 0.209440 0.000000
vt 0.860000 0.209440 0.000000
vt 0.000000 0.261799 0.000000
vt 0.860000 0.261799 0.000000
vt 0.000000 0.314159 0.000000
vt 0.860000 0.314159 0.000000
vt -0.000000 0.366519 0.000000
vt 0.860000 0.366519 0.000000
vt -0.000000 0.418879 0.000000
vt 0.860000 0.418879 0.000000
vt 0.000000 0.471239 0.000000
vt 0.860000 0.471239 0.000000
vt -0.000000 0.523599 0.000000
vt 0.860000 0.523599 0.000000
vt 0.000000 0.575959 0.000000
vt 0.860000 0.575959 0.000000
vt 0.000000 0.628319 0.000000
vt 0.860000 0.628319 0.000000
vt 0.000000 -0.628319 0.000000
vt 0.860000 -0.628319 0.000000
vt 0.000000 -0.575959 0.000000
vt 0.860000 -0.575959 0.000000
vt -0.000000 -0.523599 0.000000
vt 0.860000 -0.523599 0.000000
vt 0.000000 -0.471239 0.000000
vt 0.860000 -0.471239 0.000000
vt -0.000000 -0.418879 0.000000
vt 0.860000 -0.418879 0.000000
vt -0.000000 -0.366519 0.000000
vt 0.860000 -0.366519 0.000000
vt 0.000000 -0.314159 0.000000
vt 0.860000 -0.314159 0.000000
vt 0.000000 -0.261799 0.000000
vt 0.860000 -0.261799 0.000000
vt 0.000000 -0.209440 0.000000
vt 0.860000 -0.209440 0.000000
vt -0.000000 -0.157080 0.000000
vt 0.860000 -0.157080 0.000000
vt 0.000000 -0.104720 0.000000
vt 0.860000 -0.104720 0.000000
vt 2.580000 0.052360 0.000000
vt 1.720000 0.052360 0.000000
vt 2.580000 0.000000 0.000000
vt 1.720000 0.000000 0.000000
vt 2.580000 -0.052360 0.000000
vt 1.720000 -0.052360 0.000000
vt 2.580000 -0.104720 0.000000
vt 1.720000 -0.104720 0.000000
vt 2.580000 -0.157080 0.000000
vt 1.720000 -0.157080 0.000000
vt 2.580000 -0.209440 0.000000
vt 1.720000 -0.209440 0.000000
vt 2.580000 -0.261799 0.000000
vt 1.720000 -0.261799 0.000000
vt 2.580000 -0.314159 0.000000
vt 1.720000 -0.314159 0.000000
vt 2.580000 -0.366519 0.000000
vt 1.720000 -0.366519 0.000000
vt 2.580000 -0.418879 0.000000
vt 1.720000 -0.418879 0.000000
vt 2.580000 -0.471239 0.000000
vt 1.720000 -0.471239 0.000000
vt 2.580000 -0.523599 0.000000
vt 1.720000 -0.523599 0.000000
vt 2.580000 -0.575959 0.000000
vt 1.720000 -0.575959 0.000000
vt 2.580000 -0.628319 0.000000
vt 1.720000 -0.628319 0.000000
vt 2.580000 0.628319 0.000000
vt 1.720000 0.628319 0.000000
vt 2.580000 0.575959 0.000000
vt 1.720000 0.575959 0.000000
vt 2.580000 0.523599 0.000000
vt 1.720000 0.523599 0.000000
vt 2.580000 0.471239 0.000000
vt 1.720000 0.471239 0.000000
vt 2.580000 0.418879 0.000000
vt 1.720000 0.418879 0.000000
vt 2.580000 0.366519 0.000000
vt 1.720000 0.366519 0.000000
vt 2.580000 0.314159 0.000000
vt 1.720000 0.314159 0.000000
vt 2.580000 0.261799 0.000000
vt 1.720000 0.261799 0.000000
vt 2.580000 0.209440 0.000000
vt 1.720000 0.209440 0.000000
vt 2.580000 0.157080 0.000000
vt 1.720000 0.157080 0.000000
vt 2.580000 0.104720 0.000000
vt 1.720000 0.104720 0.000000
vt -0.000000 -0.052360 0.000000
vt 0.860000 -0.052360 0.000000
vt -0.000000 0.000000 0.000000
vt 0.860000 0.000000 0.000000
vt -0.000000 0.052360 0.000000
vt 0.860000 0.052360 0.000000
vt 0.000000 0.104720 0.000000
vt 0.860000 0.104720 0.000000
vt -0.000000 0.157080 0.000000
vt 0.860000 0.157080 0.000000
vt 0.000000 0.209440 0.000000
vt 0.860000 0.209440 0.000000
vt 0.000000 0.261799 0.000000
vt 0.860000 0.261799 0.000000
vt 0.000000 0.314159 0.000000
vt 0.860000 0.314159 0.000000
vt -0.000000 0.366519 0.000000
vt 0.860000 0.366519 0.000000
vt -0.000000 0.418879 0.000000
vt 0.860000 0.418879 0.000000
vt 0.000000 0.471239 0.000000
vt 0.860000 0.471239 0.000000
vt -0.000000 0.523599 0.000000
vt 0.860000 0.523599 0.000000
vt 0.000000 0.575959 0.000000
vt 0.860000 0.575959 0.000000
vt 0.000000 0.628319 0.000000
vt 0.860000 0.628319 0.000000
vt 0.000000 -0.628319 0.000000
vt 0.860000 -0.628319 0.000000
vt 0.000000 -0.575959 0.000000
vt 0.860000 -0.575959 0.000000
vt -0.000000 -0.523599 0.000000
vt 0.860000 -0.523599 0.000000
vt 0.000000 -0.471239 0.000000
vt 0.860000 -0.471239 0.000000
vt -0.000000 -0.418879 0.000000
vt 0.860000 -0.418879 0.000000
vt -0.000000 -0.366519 0.000000
vt 0.860000 -0.366519 0.000000
vt 0.000000 -0.314159 0.000000
vt 0.860000 -0.314159 0.000000
vt 0.000000 -0.261799 0.000000
vt 0.860000 -0.261799 0.000000
vt 0.000000 -0.209440 0.000000
vt 0.860000 -0.209440 0.000000
vt -0.000000 -0.157080 0.000000
vt 0.860000 -0.157080 0.000000
vt 0.000000 -0.104720 0.000000
vt 0.860000 -0.104720 0.000000
vt 2.580000 0.052360 0.000000
vt 1.720000 0.052360 0.000000
vt 2.580000 0.000000 0.000000
vt 1.720000 0.000000 0.000000
vt 2.580000 -0.052360 0.000000
vt 1.720000 -0.052360 0.000000
vt 2.580000 -0.104720 0.000000
vt 1.720000 -0.104720 0.000000
vt 2.580000 -0.157080 0.000000
vt 1.720000 -0.157080 0.000000
vt 2.580000 -0.209440 0.000000
vt 1.720000 -0.209440 0.000000
vt 2.580000 -0.261799 0.000000
vt 1.720000 -0.261799 0.000000
vt 2.580000 -0.314159 0.000000
vt 1.720000 -0.314159 0.000000
vt 2.580000 -0.366519 0.000000
vt 1.720000 -0.366519 0.000000
vt 2.580000 -0.418879 0.000000
vt 1.720000 -0.418879 0.000000
vt 2.580000 -0.471239 0.000000
vt 1.720000 -0.471239 0.000000
vt 2.580000 -0.523599 0.000000
vt 1.720000 -0.523599 0.000000
vt 2.580000 -0.575959 0.000000
vt 1.720000 -0.575959 0.000000
vt 2.580000 -0.628319 0.000000
vt 1.720000 -0.628319 0.000000
vt 2.580000 0.628319 0.000000
vt 1.720000 0.628319 0.000000
vt 2.580000 0.575959 0.000000
vt 1.720000 0.575959 0.000000
vt 2.580000 0.523599 0.000000
vt 1.720000 0.523599 0.000000
vt 2.580000 0.471239 0.000000
vt 1.720000 0.471239 0.000000
vt 2.580000 0.418879 0.000000
vt 1.720000 0.418879 0.000000
vt 2.580000 0.366519 0.000000
vt 1.720000 0.366519 0.000000
vt 2.580000 0.314159 0.000000
vt 1.720000 0.314159 0.000000
vt 2.580000 0.261799 0.000000
vt 1.720000 0.261799 0.000000
vt 2.580000 0.209440 0.000000
vt 1.720000 0.209440 0.000000
vt 2.580000 0.157080 0.000000
vt 1.720000 0.157080 0.000000
vt 2.580000 0.104720 0.000000
vt 1.720000 0.104720 0.000000
vt -0.000000 -0.052360 0.000000
vt 0.860000 -0.052360 0.000000
vt 0.000000 0.000000 0.000000
vt 0.860000 0.000000 0.000000
vt -0.000000 0.052360 0.000000
vt 0.860000 0.052360 0.000000
vt 0.000000 0.104720 0.000000
vt 0.860000 0.104720 0.000000
vt -0.000000 0.157080 0.000000
vt 0.860000 0.157080 0.000000
vt 0.000000 0.209440 0.000000
vt 0.860000 0.209440 0.000000
vt 0.000000 0.261799 0.000000
vt 0.860000 0.261799 0.000000
vt 0.000000 0.314159 0.000000
vt 0.860000 0.314159 0.000000
vt -0.000000 0.366519 0.000000
vt 0.860000 0.366519 0.000000
vt -0.000000 0.418879 0.000000
vt 0.860000 0.418879 0.000000
vt 0.000000 0.471239 0.000000
vt 0.860000 0.471239 0.000000
vt -0.000000 0.523599 0.000000
vt 0.860000 0.523599 0.000000
vt 0.000000 0.575959 0.000000
vt 0.860000 0.575959 0.000000
vt 0.000000 0.628319 0.000000
vt 0.860000 0.628319 0.000000
vt 0.000000 -0.628319 0.000000
vt 0.860000 -0.628319 0.000000
vt 0.000000 -0.575959 0.000000
vt 0.860000 -0.575959 0.000000
vt -0.000000 -0.523599 0.000000
vt 0.860000 -0.523599 0.000000
vt 0.000000 -0.471239 0.000000
vt 0.860000 -0.471239 0.000000
vt -0.000000 -0.418879 0.000000
vt 0.860000 -0.418879 0.000000
vt -0.000000 -0.366519 0.000000
vt 0.860000 -0.366519 0.000000
vt 0.000000 -0.314159 0.000000
vt 0.860000 -0.314159 0.000000
vt 0.000000 -0.261799 0.000000
vt 0.860000 -0.261799 0.000000
vt 0.000000 -0.209440 0.000000
vt 0.860000 -0.209440 0.000000
vt -0.000000 -0.157080 0.000000
vt 0.860000 -0.157080 0.000000
vt 0.000000 -0.104720 0.000000
vt 0.860000 -0.104720 0.000000
vn -1.000000 -0.000000 -0.000000
vn -1.000000 -0.000000 -0.000000
vn -1.000000 -0.000000 -0.000000
vn -1.000000 -0.000000 -0.000000
vn -1.000000 -0.000000 -0.000000
vn -1.000000 -0.000000 -0.000000
vn -1.000000 -0.000000 -0.000000
vn -1.000000 -0.000000 -0.000000
vn 0.000000 1.000000 0.000000
vn 0.000000 1.000000 0.000000
vn 0.000000 1.000000 0.000000
vn 0.000000 1.000000 0.000000
vn 0.000000 1.000000 0.000000
vn 0.000000 1.000000 0.000000
vn 0.000000 1.000000 0.000000
vn 0.000000 1.000000 0.000000
vn 0.000000 1.000000 0.000000
vn 0.000000 1.000000 0.000000
vn 0.000000 1.000000 0.000000
vn 0.000000 1.000000 0.000000
vn 0.000000 1.000000 0.000000
vn 0.000000 1.000000 0.000000
vn 0.000000 1.000000 0.000000
vn 0.000000 1.000000 0.000000
vn 0.000000 1.000000 0.000000
vn 0.000000 1.000000 0.000000
vn 0.000000 1.000000 0.000000
vn 0.000000 1.000000 0.000000
vn 0.000000 1.000000 0.000000
vn 0.000000 1.000000 0.000000
vn 0.000000 1.000000 0.000000
vn 0.000000 1.000000 0.000000
vn 0.000000 1.000000 0.000000
vn 0.000000 1.000000 0.000000
vn 0.000000 1.000000 0.000000
vn 0.000000 1.000000 0.000000
vn 0.000000 1.000000 0.000000
vn 0.000000 1.000000 0.000000
vn -0.000000 -0.000000 -1.000000
vn -0.000000 -0.000000 -1.000000
vn -0.000000 -0.000000 -1.000000
vn -0.000000 -0.000000 -1.000000
vn -0.000000 -0.000000 1.000000
vn -0.000000 -0.000000 1.000000
vn -0.000000 -0.000000 1.000000
vn -0.000000 -0.000000 1.000000
vn -0.000000 -0.000000 1.000000
vn -0.000000 -0.000000 1.000000
vn -0.000000 -0.000000 1.000000
vn -0.000000 -0.000000 1.000000
vn -0.000000 -0.000000 1.000000
vn -0.000000 -0.000000 1.000000
vn -0.000000 -0.000000 1.000000
vn -0.000000 -0.000000 1.000000
vn -0.000000 -0.000000 1.000000
vn -0.000000 -0.000000 1.000000
vn -0.000000 -0.000000 1.000000
vn -0.000000 -0.000000 1.000000
vn -0.000000 -0.000000 1.000000
vn -0.000000 -0.000000 1.000000
vn -0.000000 -0.000000 1.000000
vn -0.000000 -0.000000 1.000000
vn -0.000000 -0.000000 1.000000
vn -0.000000 -0.000000 1.000000
vn -0.000000 -0.000000 1.000000
vn -0.000000 -0.000000 1.000000
vn -0.000000 -0.000000 1.000000
vn -0.000000 -0.000000 1.000000
vn -0.000000 -0.000000 1.000000
vn -0.000000 -0.000000 1.000000
vn -0.000000 -0.000000 1.000000
vn -0.000000 -0.000000 1.000000
vn -0.000000 -0.000000 1.000000
vn -0.000000 -0.000000 1.000000
vn -0.000000 -0.000000 1.000000
vn -0.000000 -0.000000 1.000000
vn -0.000000 -0.000000 1.000000
vn -0.000000 -0.000000 1.000000
vn -0.000000 -0.000000 1.000000
vn -0.000000 -1.000000 0.000000
vn -0.000000 -1.000000 0.000000
vn -0.000000 -1.000000 0.000000
vn -0.000000 -1.000000 0.000000
vn -0.000000 -1.000000 0.000000
vn -0.000000 -1.000000 0.000000
vn -0.000000 -1.000000 0.000000
vn -0.000000 -1.000000 0.000000
vn -0.000000 -1.000000 0.000000
vn -0.000000 -1.000000 0.000000
vn -0.000000 -1.000000 0.000000
vn -0.000000 -1.000000 0.000000
vn -0.000000 -1.000000 0.000000
vn -0.000000 -1.000000 0.000000
vn -0.000000 -1.000000 0.000000
vn -0.000000 -1.000000 0.000000
vn -0.000000 -1.000000 0.000000
vn -0.000000 -1.000000 0.000000
vn -0.000000 -1.000000 0.000000
vn -0.000000 -1.000000 0.000000
vn -0.000000 -1.000000 0.000000
vn -0.000000 -1.000000 0.000000
vn -0.000000 -1.000000 0.000000
vn -0.000000 -1.000000 0.000000
vn -0.000000 -1.000000 0.000000
vn -0.000000 -1.000000 0.000000
vn -0.000000 -1.000000 0.000000
vn -0.000000 -1.000000 0.000000
vn -0.000000 -1.000000 0.000000
vn -0.000000 -1.000000 0.000000
vn -0.000000 -1.000000 0.000000
vn -0.000000 -1.000000 0.000000
vn -0.000000 -1.000000 0.000000
vn -0.000000 -1.000000 0.000000
vn -0.000000 -1.000000 0.000000
vn -0.000000 -1.000000 0.000000
vn -0.000000 -1.000000 0.000000
vn -0.000000 -1.000000 0.000000
vn -0.000000 -1.000000 0.000000
vn -0.000000 -1.000000 0.000000
vn -0.000000 -1.000000 0.000000
vn -0.000000 -1.000000 0.000000
vn -0.000000 -1.000000 0.000000
vn -0.000000 -1.000000 0.000000
vn -0.000000 -1.000000 0.000000
vn -0.000000 -1.000000 0.000000
vn -0.000000 -1.000000 0.000000
vn -0.000000 -1.000000 0.000000
vn -0.000000 -1.000000 0.000000
vn -0.000000 -1.000000 0.000000
vn -0.000000 -1.000000 0.000000
vn -0.000000 -1.000000 0.000000
vn -0.000000 -1.000000 0.000000
vn -0.000000 -1.000000 0.000000
vn -0.000000 -1.000000 0.000000
vn -0.000000 -1.000000 0.000000
vn -0.000000 -1.000000 0.000000
vn -0.000000 -1.000000 0.000000
vn -0.000000 -0.000000 -1.000000
vn -0.000000 -0.000000 -1.000000
vn -0.000000 -0.000000 -1.000000
vn -0.000000 -0.000000 -1.000000
vn -0.000000 -0.000000 -1.000000
vn -0.000000 -0.000000 -1.000000
vn -0.000000 -0.000000 -1.000000
vn -0.000000 -0.000000 -1.000000
vn -0.000000 -0.000000 -1.000000
vn -0.000000 -0.000000 -1.000000
vn -0.000000 -0.000000 -1.000000
vn -0.000000 -0.000000 -1.000000
vn -0.000000 -0.000000 -1.000000
vn -0.000000 -0.000000 -1.000000
vn -0.000000 -0.000000 -1.000000
vn -0.000000 -0.000000 -1.000000
vn -0.000000 -0.000000 -1.000000
vn -0.000000 -0.000000 -1.000000
vn -0.000000 -0.000000 -1.000000
vn -0.000000 -0.000000 -1.000000
vn -0.000000 -0.000000 -1.000000
vn -0.000000 -0.000000 -1.000000
vn -0.000000 -0.000000 -1.000000
vn -0.000000 -0.000000 -1.000000
vn -0.000000 -0.000000 -1.000000
vn -0.000000 -0.000000 -1.000000
vn -0.000000 -0.000000 -1.000000
vn -0.000000 -0.000000 -1.000000
vn -0.000000 -0.000000 -1.000000
vn -0.000000 -0.000000 -1.000000
vn -0.000000 -0.000000 -1.000000
vn -0.000000 -0.000000 -1.000000
vn -0.000000 -0.000000 -1.000000
vn -0.000000 -1.000000 0.000000
vn -0.000000 -1.000000 0.000000
vn -0.000000 -1.000000 0.000000
vn -0.000000 -1.000000 0.000000
vn -0.000000 -1.000000 0.000000
vn -0.000000 -1.000000 0.000000
vn -0.000000 -1.000000 0.000000
vn -0.000000 -1.000000 0.000000
vn -0.000000 -1.000000 0.000000
vn -0.000000 -1.000000 0.000000
vn 1.000000 0.000000 -0.000000
vn 1.000000 0.000000 -0.000000
vn 1.000000 0.000000 -0.000000
vn 1.000000 0.000000 -0.000000
vn 1.000000 0.000000 -0.000000
vn 1.000000 0.000000 -0.000000
vn 1.000000 0.000000 -0.000000
vn 1.000000 0.000000 -0.000000
vn 1.000000 0.000000 -0.000000
vn 1.000000 0.000000 -0.000000
vn 1.000000 0.000000 -0.000000
vn 1.000000 0.000000 -0.000000
vn 1.000000 0.000000 -0.000000
vn 1.000000 0.000000 -0.000000
vn 1.000000 0.000000 -0.000000
vn 1.000000 0.000000 -0.000000
vn 1.000000 0.000000 -0.000000
vn 1.000000 0.000000 -0.000000
vn 1.000000 0.000000 -0.000000
vn 1.000000 0.000000 -0.000000
vn 1.000000 0.000000 -0.000000
vn 1.000000 0.000000 -0.000000
vn 1.000000 0.000000 -0.000000
vn 1.000000 0.000000 -0.000000
vn 0.499983 0.866035 -0.000000
vn 0.499983 0.866035 -0.000000
vn 0.499983 0.866035 -0.000000
vn 0.499983 0.866035 -0.000000
vn 0.499983 0.866035 -0.000000
vn 0.499983 0.866035 -0.000000
vn 0.499983 0.866035 -0.000000
vn 1.000000 0.000000 -0.000000
vn 1.000000 0.000000 -0.000000
vn 1.000000 0.000000 -0.000000
vn 1.000000 0.000000 -0.000000
vn 0.499983 0.866035 -0.000000
vn 0.499983 0.866035 -0.000000
vn 0.499983 0.866035 -0.000000
vn 0.499983 0.866035 -0.000000
vn 0.499983 0.866035 -0.000000
vn 0.499983 0.866035 -0.000000
vn 0.499983 0.866035 -0.000000
vn 1.000000 0.000000 -0.000000
vn 1.000000 0.000000 -0.000000
vn 1.000000 0.000000 -0.000000
vn 1.000000 0.000000 -0.000000
vn -0.365328 -0.930879 0.000000
vn -0.365328 -0.930879 0.000000
vn -0.365328 -0.930879 0.000000
vn -0.365328 -0.930879 0.000000
vn -0.365328 -0.930879 0.000000
vn -0.365328 -0.930879 0.000000
vn -0.365328 -0.930879 0.000000
vn -0.365328 -0.930879 0.000000
vn -0.365328 -0.930879 0.000000
vn -0.365328 -0.930879 0.000000
vn -0.365328 -0.930879 0.000000
vn -0.365328 -0.930879 0.000000
vn -0.365328 -0.930879 0.000000
vn -0.365328 -0.930879 0.000000
vn -0.365328 -0.930879 0.000000
vn -0.365328 -0.930879 0.000000
vn -0.365328 -0.930879 0.000000
vn -0.365328 -0.930879 0.000000
vn -0.365328 -0.930879 0.000000
vn -0.365328 -0.930879 0.000000
vn -0.365328 -0.930879 0.000000
vn -0.365328 -0.930879 0.000000
vn -0.365328 -0.930879 0.000000
vn -0.365328 -0.930879 0.000000
vn -0.365328 -0.930879 0.000000
vn -0.365328 -0.930879 0.000000
vn 0.433869 0.900976 -0.000000
vn 0.433869 0.900976 -0.000000
vn 0.433869 0.900976 -0.000000
vn 0.433869 0.900976 -0.000000
vn 0.433869 0.900976 -0.000000
vn 0.433869 0.900976 -0.000000
vn 0.433869 0.900976 -0.000000
vn 0.433869 0.900976 -0.000000
vn 0.433869 0.900976 -0.000000
vn 0.433869 0.900976 -0.000000
vn 1.000000 0.000000 -0.000000
vn 1.000000 0.000000 -0.000000
vn 1.000000 0.000000 -0.000000
vn 1.000000 0.000000 -0.000000
vn -0.294745 -0.955576 0.000000
vn -0.294745 -0.955576 0.000000
vn -0.294745 -0.955576 0.000000
vn -0.294745 -0.955576 0.000000
vn -0.294745 -0.955576 0.000000
vn -0.294745 -0.955576 0.000000
vn -0.294745 -0.955576 0.000000
vn -0.294745 -0.955576 0.000000
vn -0.294745 -0.955576 0.000000
vn -0.294745 -0.955576 0.000000
vn -0.294745 -0.955576 0.000000
vn -0.294745 -0.955576 0.000000
vn -0.294745 -0.955576 0.000000
vn -0.294745 -0.955576 0.000000
vn -0.294745 -0.955576 0.000000
vn -0.294745 -0.955576 0.000000
vn -0.294745 -0.955576 0.000000
vn -0.294745 -0.955576 0.000000
vn -0.294745 -0.955576 0.000000
vn -0.294745 -0.955576 0.000000
vn -0.294745 -0.955576 0.000000
vn -0.294745 -0.955576 0.000000
vn -0.294745 -0.955576 0.000000
vn -0.294745 -0.955576 0.000000
vn -0.294745 -0.955576 0.000000
vn -0.294745 -0.955576 0.000000
vn 1.000000 0.000000 -0.000000
vn 1.000000 0.000000 -0.000000
vn 1.000000 0.000000 -0.000000
vn 1.000000 0.000000 -0.000000
vn -0.222513 -0.974930 0.000000
vn -0.222513 -0.974930 0.000000
vn -0.222513 -0.974930 0.000000
vn -0.222513 -0.974930 0.000000
vn -0.222513 -0.974930 0.000000
vn -0.222513 -0.974930 0.000000
vn -0.222513 -0.974930 0.000000
vn -0.222513 -0.974930 0.000000
vn -0.222513 -0.974930 0.000000
vn -0.222513 -0.974930 0.000000
vn -0.222513 -0.974930 0.000000
vn -0.222513 -0.974930 0.000000
vn -0.222513 -0.974930 0.000000
vn -0.222513 -0.974930 0.000000
vn -0.222513 -0.974930 0.000000
vn -0.222513 -0.974930 0.000000
vn -0.222513 -0.974930 0.000000
vn -0.222513 -0.974930 0.000000
vn -0.222513 -0.974930 0.000000
vn -0.222513 -0.974930 0.000000
vn -0.222513 -0.974930 0.000000
vn -0.222513 -0.974930 0.000000
vn -0.222513 -0.974930 0.000000
vn -0.222513 -0.974930 0.000000
vn -0.222513 -0.974930 0.000000
vn -0.222513 -0.974930 0.000000
vn 1.000000 0.000000 -0.000000
vn 1.000000 0.000000 -0.000000
vn 1.000000 0.000000 -0.000000
vn 1.000000 0.000000 -0.000000
vn -0.149037 -0.988832 0.000000
vn -0.149037 -0.988832 0.000000
vn -0.149037 -0.988832 0.000000
vn -0.149037 -0.988832 0.000000
vn -0.149037 -0.988832 0.000000
vn -0.149037 -0.988832 0.000000
vn -0.149037 -0.988832 0.000000
vn -0.149037 -0.988832 0.000000
vn -0.149037 -0.988832 0.000000
vn -0.149037 -0.988832 0.000000
vn -0.149037 -0.988832 0.000000
vn -0.149037 -0.988832 0.000000
vn -0.149037 -0.988832 0.000000
vn -0.149037 -0.988832 0.000000
vn -0.149037 -0.988832 0.000000
vn -0.149037 -0.988832 0.000000
vn -0.149037 -0.988832 0.000000
vn -0.149037 -0.988832 0.000000
vn -0.149037 -0.988832 0.000000
vn -0.149037 -0.988832 0.000000
vn -0.149037 -0.988832 0.000000
vn -0.149037 -0.988832 0.000000
vn -0.149037 -0.988832 0.000000
vn -0.149037 -0.988832 0.000000
vn -0.149037 -0.988832 0.000000
vn -0.149037 -0.988832 0.000000
vn 1.000000 0.000000 -0.000000
vn 1.000000 0.000000 -0.000000
vn 1.000000 0.000000 -0.000000
vn 1.000000 0.000000 -0.000000
vn -0.074727 -0.997204 0.000000
vn -0.074727 -0.997204 0.000000
vn -0.074727 -0.997204 0.000000
vn -0.074727 -0.997204 0.000000
vn -0.074727 -0.997204 0.000000
vn -0.074727 -0.997204 0.000000
vn -0.074727 -0.997204 0.000000
vn -0.074727 -0.997204 0.000000
vn -0.074727 -0.997204 0.000000
vn -0.074727 -0.997204 0.000000
vn -0.074727 -0.997204 0.000000
vn -0.074727 -0.997204 0.000000
vn -0.074727 -0.997204 0.000000
vn -0.074727 -0.997204 0.000000
vn -0.074727 -0.997204 0.000000
vn -0.074727 -0.997204 0.000000
vn -0.074727 -0.997204 0.000000
vn -0.074727 -0.997204 0.000000
vn -0.074727 -0.997204 0.000000
vn -0.074727 -0.997204 0.000000
vn -0.074727 -0.997204 0.000000
vn -0.074727 -0.997204 0.000000
vn -0.074727 -0.997204 0.000000
vn -0.074727 -0.997204 0.000000
vn -0.074727 -0.997204 0.000000
vn -0.074727 -0.997204 0.000000
vn 1.000000 0.000000 -0.000000
vn 1.000000 0.000000 -0.000000
vn 1.000000 0.000000 -0.000000
vn 1.000000 0.000000 -0.000000
vn 0.000000 -1.000000 0.000000
vn 0.000000 -1.000000 0.000000
vn 0.000000 -1.000000 0.000000
vn 0.000000 -1.000000 0.000000
vn 0.000000 -1.000000 0.000000
vn 0.000000 -1.000000 0.000000
vn 0.000000 -1.000000 0.000000
vn 0.000000 -1.000000 0.000000
vn 0.000000 -1.000000 0.000000
vn 0.000000 -1.000000 0.000000
vn 0.000000 -1.000000 0.000000
vn 0.000000 -1.000000 0.000000
vn 0.000000 -1.000000 0.000000
vn 0.000000 -1.000000 0.000000
vn 0.000000 -1.000000 0.000000
vn 0.000000 -1.000000 0.000000
vn 0.000000 -1.000000 0.000000
vn 0.000000 -1.000000 0.000000
vn 0.000000 -1.000000 0.000000
vn 0.000000 -1.000000 0.000000
vn 0.000000 -1.000000 0.000000
vn 0.000000 -1.000000 0.000000
vn 0.000000 -1.000000 0.000000
vn 0.000000 -1.000000 0.000000
vn 0.000000 -1.000000 0.000000
vn 0.000000 -1.000000 0.000000
vn 0.965926 -0.000000 -0.258819
vn 0.965926 -0.000000 -0.258819
vn 1.000000 -0.000000 -0.000000
vn 1.000000 -0.000000 -0.000000
vn 0.965926 -0.000000 0.258819
vn 0.965926 -0.000000 0.258819
vn 0.866025 -0.000000 0.500000
vn 0.866025 -0.000000 0.500000
vn 0.707107 -0.000000 0.707107
vn 0.707107 -0.000000 0.707107
vn 0.500000 -0.000000 0.866025
vn 0.500000 -0.000000 0.866025
vn 0.258819 -0.000000 0.965926
vn 0.258819 -0.000000 0.965926
vn -0.000000 0.000000 1.000000
vn 0.000000 -0.000000 1.000000
vn -0.258819 0.000000 0.965926
vn -0.258819 0.000000 0.965926
vn -0.500000 0.000000 0.866025
vn -0.500000 0.000000 0.866025
vn -0.707107 0.000000 0.707107
vn -0.707107 0.000000 0.707107
vn -0.866025 0.000000 0.500000
vn -0.866025 0.000000 0.500000
vn -0.965926 0.000000 0.258819
vn -0.965926 0.000000 0.258819
vn -1.000000 0.000000 -0.000000
vn -1.000000 0.000000 -0.000000
vn -0.965926 0.000000 -0.258819
vn -0.965926 0.000000 -0.258819
vn -0.866025 0.000000 -0.500000
vn -0.866025 0.000000 -0.500000
vn -0.707107 0.000000 -0.707107
vn -0.707107 0.000000 -0.707107
vn -0.500000 0.000000 -0.866025
vn -0.500000 0.000000 -0.866025
vn -0.258819 0.000000 -0.965926
vn -0.258819 0.000000 -0.965926
vn -0.000000 0.000000 -1.000000
vn 0.000000 -0.000000 -1.000000
vn 0.258819 -0.000000 -0.965926
vn 0.258819 -0.000000 -0.965926
vn 0.500000 -0.000000 -0.866025
vn 0.500000 -0.000000 -0.866025
vn 0.707107 -0.000000 -0.707107
vn 0.707107 -0.000000 -0.707107
vn 0.866025 -0.000000 -0.500000
vn 0.866025 -0.000000 -0.500000
vn -0.258819 0.000000 0.965926
vn -0.258819 0.000000 0.965926
vn -0.000000 0.000000 1.000000
vn -0.000000 0.000000 1.000000
vn 0.258819 -0.000000 0.965926
vn 0.258819 -0.000000 0.965926
vn 0.500000 -0.000000 0.866025
vn 0.500000 -0.000000 0.866025
vn 0.707107 -0.000000 0.707107
vn 0.707107 -0.000000 0.707107
vn 0.866025 -0.000000 0.500000
vn 0.866025 -0.000000 0.500000
vn 0.965926 -0.000000 0.258819
vn 0.965926 -0.000000 0.258819
vn 1.000000 -0.000000 -0.000000
vn 1.000000 -0.000000 -0.000000
vn 0.965926 -0.000000 -0.258819
vn 0.965926 -0.000000 -0.258819
vn 0.866025 -0.000000 -0.500000
vn 0.866025 -0.000000 -0.500000
vn 0.707107 -0.000000 -0.707107
vn 0.707107 -0.000000 -0.707107
vn 0.500000 -0.000000 -0.866025
vn 0.500000 -0.000000 -0.866025
vn 0.258819 -0.000000 -0.965926
vn 0.258819 -0.000000 -0.965926
vn 0.000000 -0.000000 -1.000000
vn 0.000000 -0.000000 -1.000000
vn -0.258819 0.000000 -0.965926
vn -0.258819 0.000000 -0.965926
vn -0.500000 0.000000 -0.866025
vn -0.500000 0.000000 -0.866025
vn -0.707107 0.000000 -0.707107
vn -0.707107 0.000000 -0.707107
vn -0.866025 0.000000 -0.500000
vn -0.866025 0.000000 -0.500000
vn -0.965926 0.000000 -0.258819
vn -0.965926 0.000000 -0.258819
vn -1.000000 0.000000 -0.000000
vn -1.000000 0.000000 -0.000000
vn -0.965926 0.000000 0.258819
vn -0.965926 0.000000 0.258819
vn -0.866025 0.000000 0.500000
vn -0.866025 0.000000 0.500000
vn -0.707107 0.000000 0.707107
vn -0.707107 0.000000 0.707107
vn -0.500000 0.000000 0.866025
vn -0.500000 0.000000 0.866025
vn -0.000000 -1.000000 -0.000000
vn -0.000000 -1.000000 -0.000000
vn -0.000000 -1.000000 -0.000000
vn -0.000000 -1.000000 -0.000000
vn -0.000000 -1.000000 -0.000000
vn -0.000000 -1.000000 -0.000000
vn -0.000000 -1.000000 -0.000000
vn -0.000000 -1.000000 -0.000000
vn -0.000000 -1.000000 -0.000000
vn -0.000000 -1.000000 -0.000000
vn -0.000000 -1.000000 -0.000000
vn -0.000000 -1.000000 -0.000000
vn -0.000000 -1.000000 -0.000000
vn -0.000000 -1.000000 -0.000000
vn -0.000000 -1.000000 -0.000000
vn -0.000000 -1.000000 -0.000000
vn -0.000000 -1.000000 -0.000000
vn -0.000000 -1.000000 -0.000000
vn -0.000000 -1.000000 -0.000000
vn -0.000000 -1.000000 -0.000000
vn -0.000000 -1.000000 -0.000000
vn -0.000000 -1.000000 -0.000000
vn -0.000000 -1.000000 -0.000000
vn -0.000000 -1.000000 -0.000000
vn 0.676065 0.000000 -0.736842
vn 0.500000 0.000000 -0.866025
vn 0.676065 0.000000 -0.736842
vn 0.500000 0.000000 -0.866025
vn 0.707107 0.000000 -0.707107
vn 0.500000 0.000000 -0.866025
vn 0.707107 0.000000 -0.707107
vn 0.707107 0.000000 -0.707107
vn 0.827784 0.000000 -0.561048
vn 0.866025 0.000000 -0.500000
vn 0.934866 0.000000 -0.355000
vn 0.965926 0.000000 -0.258819
vn 0.991539 0.000000 -0.129810
vn 1.000000 -0.000000 0.000000
vn 0.994745 -0.000000 0.102380
vn 0.965926 -0.000000 0.258819
vn 0.944313 -0.000000 0.329049
vn 0.866025 -0.000000 0.500000
vn 0.842961 -0.000000 0.537975
vn 0.707107 -0.000000 0.707107
vn 0.696154 -0.000000 0.717892
vn 0.500000 -0.000000 0.866025
vn 0.696154 -0.000000 0.717892
vn 0.500000 -0.000000 0.866025
vn 0.707107 -0.000000 0.707107
vn 0.707107 -0.000000 0.707107
vn 0.866025 -0.000000 0.500000
vn 0.866025 -0.000000 0.500000
vn 0.965926 -0.000000 0.258819
vn 0.965926 -0.000000 0.258819
vn 1.000000 -0.000000 0.000000
vn 1.000000 -0.000000 0.000000
vn 0.965926 0.000000 -0.258819
vn 0.965926 0.000000 -0.258819
vn 0.866025 0.000000 -0.500000
vn 0.866025 0.000000 -0.500000
vn 0.842961 -0.000000 0.537975
vn 0.944313 -0.000000 0.329049
vn 0.994745 -0.000000 0.102380
vn 0.991539 0.000000 -0.129810
vn 0.934866 0.000000 -0.355000
vn 0.827784 0.000000 -0.561048
vn -0.676065 0.000000 -0.736842
vn -0.500000 0.000000 -0.866025
vn -0.676065 0.000000 -0.736842
vn -0.707107 0.000000 -0.707107
vn -0.741347 0.000000 -0.671122
vn -0.800268 0.000000 -0.599642
vn -0.866025 0.000000 -0.500000
vn -0.852322 0.000000 -0.523017
vn -0.852322 0.000000 -0.523017
vn -0.866025 0.000000 -0.500000
vn -0.800268 0.000000 -0.599642
vn -0.707107 0.000000 -0.707107
vn -0.741347 0.000000 -0.671122
vn -0.500000 0.000000 -0.866025
vn -0.258819 0.000000 -0.965926
vn -0.258819 0.000000 -0.965926
vn -0.000000 0.000000 -1.000000
vn -0.000000 0.000000 -1.000000
vn 0.258819 0.000000 -0.965926
vn 0.258819 0.000000 -0.965926
vn -0.805754 0.000000 0.592250
vn -0.866025 0.000000 0.500000
vn -0.852322 0.000000 0.523017
vn -0.866025 0.000000 0.500000
vn -0.852322 0.000000 0.523017
vn -0.805754 0.000000 0.592250
vn -0.707107 0.000000 0.707107
vn -0.753577 0.000000 0.657359
vn -0.696154 0.000000 0.717892
vn -0.500000 0.000000 0.866025
vn -0.696154 0.000000 0.717892
vn -0.500000 0.000000 0.866025
vn -0.707107 0.000000 0.707107
vn -0.500000 0.000000 0.866025
vn -0.707107 0.000000 0.707107
vn -0.753577 0.000000 0.657359
vn -0.258819 0.000000 0.965926
vn -0.258819 0.000000 0.965926
vn 0.000000 -0.000000 1.000000
vn 0.000000 -0.000000 1.000000
vn 0.258819 -0.000000 0.965926
vn 0.258819 -0.000000 0.965926
vn 0.500000 -0.000000 0.866025
vn -0.866025 0.000000 0.500000
vn -0.965926 0.000000 0.258819
vn -0.965926 0.000000 0.258819
vn -1.000000 0.000000 -0.000000
vn -1.000000 0.000000 -0.000000
vn -0.965926 0.000000 -0.258819
vn -0.965926 0.000000 -0.258819
vn -0.866025 0.000000 -0.500000
vn -0.707107 0.000000 -0.707107
vn -0.500000 0.000000 -0.866025
vn -0.258819 0.000000 -0.965926
vn -0.000000 0.000000 -1.000000
vn 0.258819 0.000000 -0.965926
vn 0.258819 -0.000000 0.965926
vn 0.000000 -0.000000 1.000000
vn -0.258819 0.000000 0.965926
vn -0.965926 0.000000 -0.258819
vn -1.000000 0.000000 -0.000000
vn -0.965926 0.000000 0.258819
vn -0.000000 -1.000000 -0.000000
vn -0.000000 -1.000000 -0.000000
vn -0.000000 -1.000000 -0.000000
vn -0.000000 -1.000000 -0.000000
vn -0.000000 -1.000000 -0.000000
vn -0.000000 -1.000000 -0.000000
vn -0.000000 -1.000000 -0.000000
vn -0.000000 -1.000000 -0.000000
vn -0.000000 -1.000000 -0.000000
vn -0.000000 -1.000000 -0.000000
vn -0.000000 -1.000000 -0.000000
vn -0.000000 -1.000000 -0.000000
vn -0.000000 -1.000000 -0.000000
vn -0.000000 -1.000000 -0.000000
vn -0.000000 -1.000000 -0.000000
vn -0.000000 -1.000000 -0.000000
vn -0.000000 -1.000000 -0.000000
vn -0.000000 -1.000000 -0.000000
vn -0.000000 -1.000000 -0.000000
vn -0.000000 -1.000000 -0.000000
vn -0.000000 -1.000000 -0.000000
vn -0.000000 -1.000000 -0.000000
vn -0.000000 -1.000000 -0.000000
vn -0.000000 -1.000000 -0.000000
vn -0.000000 -1.000000 -0.000000
vn -0.000000 -1.000000 -0.000000
vn -0.000000 -1.000000 -0.000000
vn -0.000000 -1.000000 -0.000000
vn -0.000000 -1.000000 -0.000000
vn -0.000000 -1.000000 -0.000000
vn -0.000000 -1.000000 -0.000000
vn -0.000000 -1.000000 -0.000000
vn -0.000000 -1.000000 -0.000000
vn -0.000000 -1.000000 -0.000000
vn -0.000000 -1.000000 -0.000000
vn -0.000000 -1.000000 -0.000000
vn -0.000000 -1.000000 -0.000000
vn -0.000000 -1.000000 -0.000000
vn -0.000000 -1.000000 -0.000000
vn -0.000000 -1.000000 -0.000000
vn -0.000000 -1.000000 -0.000000
vn -0.000000 -1.000000 -0.000000
vn -0.000000 -1.000000 -0.000000
vn -0.000000 -1.000000 -0.000000
vn -0.000000 -1.000000 -0.000000
vn -0.000000 -1.000000 -0.000000
vn -0.000000 -1.000000 -0.000000
vn -0.000000 -1.000000 -0.000000
vn -0.771389 -0.000000 0.636364
vn -0.611569 -0.000000 0.791191
vn -0.771389 -0.000000 0.636364
vn -0.582522 -0.000000 0.812815
vn -0.421468 -0.000000 0.906843
vn -0.354739 -0.000000 0.934965
vn -0.210498 -0.000000 0.977594
vn -0.103257 -0.000000 0.994655
vn 0.010895 -0.000000 0.999941
vn 0.155122 -0.000000 0.987895
vn 0.231748 -0.000000 0.972776
vn 0.403139 -0.000000 0.915139
vn 0.441126 -0.000000 0.897445
vn 0.624224 -0.000000 0.781245
vn 0.500000 -0.000000 0.866025
vn 0.707107 -0.000000 0.707107
vn 0.500000 -0.000000 0.866025
vn 0.707107 -0.000000 0.707107
vn 0.258819 -0.000000 0.965926
vn 0.306890 -0.000000 0.951745
vn 0.166220 -0.000000 0.986089
vn 0.000000 -0.000000 1.000000
vn 0.022064 -0.000000 0.999757
vn -0.202300 -0.000000 0.979324
vn -0.258819 -0.000000 0.965926
vn -0.416396 -0.000000 0.909183
vn -0.500000 -0.000000 0.866025
vn -0.579336 -0.000000 0.815088
vn -0.707107 -0.000000 0.707107
vn -0.755315 -0.000000 0.655362
vn -0.866025 -0.000000 0.500000
vn -0.888633 -0.000000 0.458619
vn -0.965926 -0.000000 0.258819
vn -0.971759 -0.000000 0.235974
vn -1.000000 -0.000000 0.000000
vn -1.000000 -0.000000 0.000000
vn -0.971759 0.000000 -0.235974
vn -0.609357 -0.000000 0.792896
vn -0.761772 -0.000000 0.647846
vn -0.771389 -0.000000 0.636364
vn -0.771389 -0.000000 0.636364
vn -0.818467 -0.000000 0.574553
vn -0.860604 -0.000000 0.509274
vn -0.897546 -0.000000 0.440920
vn -0.965926 0.000000 -0.258819
vn -0.888633 0.000000 -0.458619
vn -0.866025 0.000000 -0.500000
vn -0.755315 0.000000 -0.655362
vn -0.707107 0.000000 -0.707107
vn -0.579336 0.000000 -0.815088
vn -0.500000 0.000000 -0.866025
vn -0.425935 0.000000 -0.904754
vn -0.258819 0.000000 -0.965926
vn -0.207448 0.000000 -0.978246
vn 0.000000 -0.000000 -1.000000
vn 0.022064 -0.000000 -0.999757
vn 0.166220 -0.000000 -0.986089
vn -0.621790 0.000000 -0.783184
vn -0.761772 0.000000 -0.647846
vn -0.784604 0.000000 -0.619998
vn -0.784604 0.000000 -0.619998
vn -0.826444 0.000000 -0.563019
vn -0.864154 0.000000 -0.503227
vn -0.897546 0.000000 -0.440920
vn 0.258819 -0.000000 -0.965926
vn 0.306890 -0.000000 -0.951745
vn 0.441126 -0.000000 -0.897445
vn 0.228336 -0.000000 -0.973582
vn 0.383801 -0.000000 -0.923416
vn 0.607653 -0.000000 -0.794202
vn 0.500000 -0.000000 -0.866025
vn 0.707107 -0.000000 -0.707107
vn 0.707107 -0.000000 -0.707107
vn 0.866025 -0.000000 -0.500000
vn 0.866025 -0.000000 -0.500000
vn 0.965926 -0.000000 -0.258819
vn 0.965926 -0.000000 -0.258819
vn 1.000000 -0.000000 -0.000000
vn 1.000000 -0.000000 -0.000000
vn 0.965926 -0.000000 0.258819
vn 0.965926 -0.000000 0.258819
vn 0.866025 -0.000000 0.500000
vn 0.866025 -0.000000 0.500000
vn 0.134309 -0.000000 -0.990939
vn 0.003883 -0.000000 -0.999992
vn -0.124156 0.000000 -0.992263
vn -0.220768 0.000000 -0.975326
vn -0.374326 0.000000 -0.927297
vn -0.434143 0.000000 -0.900844
vn -0.599490 0.000000 -0.800383
vn -0.625343 0.000000 -0.780350
vn -0.784604 0.000000 -0.619998
vn -0.784604 0.000000 -0.619998
vn 0.790911 -0.000000 -0.611932
vn 0.921331 -0.000000 -0.388780
vn 0.990200 -0.000000 -0.139656
vn 0.992918 -0.000000 0.118798
vn 0.929304 -0.000000 0.369315
vn 0.803607 -0.000000 0.595161
vn -0.965926 -0.000000 0.258819
vn -1.000000 -0.000000 0.000000
vn -0.965926 0.000000 -0.258819
vn -0.866025 0.000000 -0.500000
vn -0.707107 0.000000 -0.707107
vn -0.500000 0.000000 -0.866025
vn -0.258819 0.000000 -0.965926
vn 0.000000 -0.000000 -1.000000
vn 0.258819 -0.000000 -0.965926
vn 0.500000 -0.000000 -0.866025
vn -0.866025 -0.000000 0.500000
vn -0.707107 -0.000000 0.707107
vn -0.500000 -0.000000 0.866025
vn -0.258819 -0.000000 0.965926
vn 0.000000 -0.000000 1.000000
vn 0.258819 -0.000000 0.965926
vn -0.771389 -0.000000 0.636364
vn -0.771389 -0.000000 0.636364
vn -0.582522 -0.000000 0.812815
vn -0.582522 -0.000000 0.812815
vn -0.354739 -0.000000 0.934965
vn -0.354739 -0.000000 0.934965
vn -0.103257 -0.000000 0.994655
vn -0.103257 -0.000000 0.994655
vn 0.155122 -0.000000 0.987895
vn 0.155122 -0.000000 0.987895
vn 0.403139 -0.000000 0.915139
vn 0.403139 -0.000000 0.915139
vn 0.624224 -0.000000 0.781245
vn 0.624224 -0.000000 0.781245
vn 0.803607 -0.000000 0.595161
vn 0.803607 -0.000000 0.595161
vn 0.929304 -0.000000 0.369315
vn 0.929304 -0.000000 0.369315
vn 0.992918 -0.000000 0.118798
vn 0.992918 -0.000000 0.118798
vn 0.990200 -0.000000 -0.139656
vn 0.990200 -0.000000 -0.139656
vn 0.921331 -0.000000 -0.388780
vn 0.921331 -0.000000 -0.388780
vn 0.790911 -0.000000 -0.611932
vn 0.790911 -0.000000 -0.611932
vn 0.607653 -0.000000 -0.794202
vn 0.607653 -0.000000 -0.794202
vn 0.383801 -0.000000 -0.923416
vn 0.383801 -0.000000 -0.923416
vn 0.134309 -0.000000 -0.990939
vn 0.134309 -0.000000 -0.990939
vn -0.124156 0.000000 -0.992263
vn -0.124156 0.000000 -0.992263
vn -0.374326 0.000000 -0.927297
vn -0.374326 0.000000 -0.927297
vn -0.599490 0.000000 -0.800383
vn -0.599490 0.000000 -0.800383
vn -0.784604 0.000000 -0.619998
vn -0.784604 0.000000 -0.619998
vn -0.771389 -0.000000 0.636364
vn -0.771389 -0.000000 0.636364
vn -0.582522 -0.000000 0.812815
vn -0.582522 -0.000000 0.812815
vn -0.354739 -0.000000 0.934965
vn -0.354739 -0.000000 0.934965
vn -0.103257 -0.000000 0.994655
vn -0.103257 -0.000000 0.994655
vn 0.155122 -0.000000 0.987895
vn 0.155122 -0.000000 0.987895
vn 0.403139 -0.000000 0.915139
vn 0.403139 -0.000000 0.915139
vn 0.624224 -0.000000 0.781245
vn 0.624224 -0.000000 0.781245
vn 0.803607 -0.000000 0.595161
vn 0.803607 -0.000000 0.595161
vn 0.929304 -0.000000 0.369315
vn 0.929304 -0.000000 0.369315
vn 0.992918 -0.000000 0.118798
vn 0.992918 -0.000000 0.118798
vn 0.990200 -0.000000 -0.139656
vn 0.990200 -0.000000 -0.139656
vn 0.921331 -0.000000 -0.388780
vn 0.921331 -0.000000 -0.388780
vn 0.790911 -0.000000 -0.611932
vn 0.790911 -0.000000 -0.611932
vn 0.607653 -0.000000 -0.794202
vn 0.607653 -0.000000 -0.794202
vn 0.383801 -0.000000 -0.923416
vn 0.383801 -0.000000 -0.923416
vn 0.134309 -0.000000 -0.990939
vn 0.134309 -0.000000 -0.990939
vn -0.124156 0.000000 -0.992263
vn -0.124156 0.000000 -0.992263
vn -0.374326 0.000000 -0.927297
vn -0.374326 0.000000 -0.927297
vn -0.599490 0.000000 -0.800383
vn -0.599490 0.000000 -0.800383
vn -0.784604 0.000000 -0.619998
vn -0.784604 0.000000 -0.619998
vn -0.771389 -0.000000 0.636364
vn -0.771389 -0.000000 0.636364
vn -0.582522 -0.000000 0.812815
vn -0.582522 -0.000000 0.812815
vn -0.354739 -0.000000 0.934965
vn -0.354739 -0.000000 0.934965
vn -0.103257 -0.000000 0.994655
vn -0.103257 -0.000000 0.994655
vn 0.155122 -0.000000 0.987895
vn 0.155122 -0.000000 0.987895
vn 0.403139 -0.000000 0.915139
vn 0.403139 -0.000000 0.915139
vn 0.624224 -0.000000 0.781245
vn 0.624224 -0.000000 0.781245
vn 0.803607 -0.000000 0.595161
vn 0.803607 -0.000000 0.595161
vn 0.929304 -0.000000 0.369315
vn 0.929304 -0.000000 0.369315
vn 0.992918 -0.000000 0.118798
vn 0.992918 -0.000000 0.118798
vn 0.990200 -0.000000 -0.139656
vn 0.990200 -0.000000 -0.139656
vn 0.921331 -0.000000 -0.388780
vn 0.921331 -0.000000 -0.388780
vn 0.790911 -0.000000 -0.611932
vn 0.790911 -0.000000 -0.611932
vn 0.607653 -0.000000 -0.794202
vn 0.607653 -0.000000 -0.794202
vn 0.383801 -0.000000 -0.923416
vn 0.383801 -0.000000 -0.923416
vn 0.134309 -0.000000 -0.990939
vn 0.134309 -0.000000 -0.990939
vn -0.124156 0.000000 -0.992263
vn -0.124156 0.000000 -0.992263
vn -0.374326 0.000000 -0.927297
vn -0.374326 0.000000 -0.927297
vn -0.599490 0.000000 -0.800383
vn -0.599490 0.000000 -0.800383
vn -0.784604 0.000000 -0.619998
vn -0.784604 0.000000 -0.619998
vn -0.771389 -0.000000 0.636364
vn -0.771389 -0.000000 0.636364
vn -0.582522 -0.000000 0.812815
vn -0.582522 -0.000000 0.812815
vn -0.354739 -0.000000 0.934965
vn -0.354739 -0.000000 0.934965
vn -0.103257 -0.000000 0.994655
vn -0.103257 -0.000000 0.994655
vn 0.155122 -0.000000 0.987895
vn 0.155122 -0.000000 0.987895
vn 0.403139 -0.000000 0.915139
vn 0.403139 -0.000000 0.915139
vn 0.624224 -0.000000 0.781245
vn 0.624224 -0.000000 0.781245
vn 0.803607 -0.000000 0.595161
vn 0.803607 -0.000000 0.595161
vn 0.929304 -0.000000 0.369315
vn 0.929304 -0.000000 0.369315
vn 0.992918 -0.000000 0.118798
vn 0.992918 -0.000000 0.118798
vn 0.990200 -0.000000 -0.139656
vn 0.990200 -0.000000 -0.139656
vn 0.921331 -0.000000 -0.388780
vn 0.921331 -0.000000 -0.388780
vn 0.790911 -0.000000 -0.611932
vn 0.790911 -0.000000 -0.611932
vn 0.607653 -0.000000 -0.794202
vn 0.607653 -0.000000 -0.794202
vn 0.383801 -0.000000 -0.923416
vn 0.383801 -0.000000 -0.923416
vn 0.134309 -0.000000 -0.990939
vn 0.134309 -0.000000 -0.990939
vn -0.124156 0.000000 -0.992263
vn -0.124156 0.000000 -0.992263
vn -0.374326 0.000000 -0.927297
vn -0.374326 0.000000 -0.927297
vn -0.599490 0.000000 -0.800383
vn -0.599490 0.000000 -0.800383
vn -0.784604 0.000000 -0.619998
vn -0.784604 0.000000 -0.619998
vn -0.918449 -0.000000 0.395539
vn -0.918449 -0.000000 0.395539
vn -0.785604 -0.000000 0.618730
vn -0.785604 -0.000000 0.618730
vn -0.599760 -0.000000 0.800180
vn -0.599760 -0.000000 0.800180
vn -0.373455 -0.000000 0.927648
vn -0.373455 -0.000000 0.927648
vn -0.121956 -0.000000 0.992535
vn -0.121956 -0.000000 0.992535
vn 0.137770 -0.000000 0.990464
vn 0.137770 -0.000000 0.990464
vn 0.388202 -0.000000 0.921574
vn 0.388202 -0.000000 0.921574
vn 0.612445 -0.000000 0.790513
vn 0.612445 -0.000000 0.790513
vn 0.795372 -0.000000 0.606122
vn 0.795372 -0.000000 0.606122
vn 0.924641 -0.000000 0.380841
vn 0.924641 -0.000000 0.380841
vn 0.991531 -0.000000 0.129867
vn 0.991531 -0.000000 0.129867
vn 0.991531 -0.000000 -0.129867
vn 0.991531 -0.000000 -0.129867
vn 0.924641 -0.000000 -0.380841
vn 0.924641 -0.000000 -0.380841
vn 0.795372 -0.000000 -0.606122
vn 0.795372 -0.000000 -0.606122
vn 0.612445 -0.000000 -0.790513
vn 0.612445 -0.000000 -0.790513
vn 0.388202 -0.000000 -0.921574
vn 0.388202 -0.000000 -0.921574
vn 0.137770 -0.000000 -0.990464
vn 0.137770 -0.000000 -0.990464
vn -0.121956 0.000000 -0.992535
vn -0.121956 0.000000 -0.992535
vn -0.373455 0.000000 -0.927648
vn -0.373455 0.000000 -0.927648
vn -0.599760 0.000000 -0.800180
vn -0.599760 0.000000 -0.800180
vn -0.785604 0.000000 -0.618730
vn -0.785604 0.000000 -0.618730
vn -0.918449 0.000000 -0.395539
vn -0.918449 0.000000 -0.395539
vn -0.771389 -0.000000 0.636364
vn -0.771389 -0.000000 0.636364
vn -0.582522 -0.000000 0.812815
vn -0.582522 -0.000000 0.812815
vn -0.354739 -0.000000 0.934965
vn -0.354739 -0.000000 0.934965
vn -0.103257 -0.000000 0.994655
vn -0.103257 -0.000000 0.994655
vn 0.155122 -0.000000 0.987895
vn 0.155122 -0.000000 0.987895
vn 0.403139 -0.000000 0.915139
vn 0.403139 -0.000000 0.915139
vn 0.624224 -0.000000 0.781245
vn 0.624224 -0.000000 0.781245
vn 0.803607 -0.000000 0.595161
vn 0.803607 -0.000000 0.595161
vn 0.929304 -0.000000 0.369315
vn 0.929304 -0.000000 0.369315
vn 0.992918 -0.000000 0.118798
vn 0.992918 -0.000000 0.118798
vn 0.990200 -0.000000 -0.139656
vn 0.990200 -0.000000 -0.139656
vn 0.921331 -0.000000 -0.388780
vn 0.921331 -0.000000 -0.388780
vn 0.790911 -0.000000 -0.611932
vn 0.790911 -0.000000 -0.611932
vn 0.607653 -0.000000 -0.794202
vn 0.607653 -0.000000 -0.794202
vn 0.383801 -0.000000 -0.923416
vn 0.383801 -0.000000 -0.923416
vn 0.134309 -0.000000 -0.990939
vn 0.134309 -0.000000 -0.990939
vn -0.124156 0.000000 -0.992263
vn -0.124156 0.000000 -0.992263
vn -0.374326 0.000000 -0.927297
vn -0.374326 0.000000 -0.927297
vn -0.599490 0.000000 -0.800383
vn -0.599490 0.000000 -0.800383
vn -0.784604 0.000000 -0.619998
vn -0.784604 0.000000 -0.619998
vn -0.000000 -1.000000 -0.000000
vn -0.000000 -1.000000 -0.000000
vn -0.000000 -1.000000 -0.000000
vn -0.000000 -1.000000 -0.000000
vn -0.000000 -1.000000 -0.000000
vn -0.000000 -1.000000 -0.000000
vn -0.000000 -1.000000 -0.000000
vn -0.000000 -1.000000 -0.000000
vn -0.000000 -1.000000 -0.000000
vn -0.000000 -1.000000 -0.000000
vn -0.000000 -1.000000 -0.000000
vn -0.000000 -1.000000 -0.000000
vn -0.000000 -1.000000 -0.000000
vn -0.000000 -1.000000 -0.000000
vn -0.000000 -1.000000 -0.000000
vn -0.000000 -1.000000 -0.000000
vn -0.000000 -1.000000 -0.000000
vn -0.000000 -1.000000 -0.000000
vn -0.000000 -1.000000 -0.000000
vn -0.000000 -1.000000 -0.000000
vn -0.000000 -1.000000 -0.000000
vn -0.000000 -1.000000 -0.000000
vn -0.000000 -1.000000 -0.000000
vn -0.000000 -1.000000 -0.000000
vn -0.000000 -1.000000 -0.000000
vn -0.000000 -1.000000 -0.000000
vn -0.000000 -1.000000 -0.000000
vn -0.000000 -1.000000 -0.000000
vn -0.000000 -1.000000 -0.000000
vn -0.000000 -1.000000 -0.000000
vn -0.000000 -1.000000 -0.000000
vn -0.000000 -1.000000 -0.000000
vn -0.000000 -1.000000 -0.000000
vn -0.000000 -1.000000 -0.000000
vn -0.000000 -1.000000 -0.000000
vn -0.000000 -1.000000 -0.000000
vn -0.000000 -1.000000 -0.000000
vn -0.000000 -1.000000 -0.000000
vn -0.000000 -1.000000 -0.000000
vn -0.000000 -1.000000 -0.000000
vn -0.000000 -1.000000 -0.000000
vn -0.000000 -1.000000 -0.000000
vn -0.000000 -1.000000 -0.000000
vn -0.000000 -1.000000 -0.000000
vn -0.000000 -1.000000 -0.000000
vn -0.000000 -1.000000 -0.000000
vn -0.000000 -1.000000 -0.000000
vn -0.000000 -1.000000 -0.000000
vn 0.074727 0.997204 -0.000000
vn 0.074727 0.997204 -0.000000
vn 0.074727 0.997204 -0.000000
vn 0.074727 0.997204 -0.000000
vn 0.074727 0.997204 -0.000000
vn 0.074727 0.997204 -0.000000
vn 0.074727 0.997204 -0.000000
vn 0.074727 0.997204 -0.000000
vn 0.074727 0.997204 -0.000000
vn 0.074727 0.997204 -0.000000
vn 0.074727 0.997204 -0.000000
vn 0.074727 0.997204 -0.000000
vn 0.074727 0.997204 -0.000000
vn 0.074727 0.997204 -0.000000
vn 0.074727 0.997204 -0.000000
vn 0.074727 0.997204 -0.000000
vn 0.074727 0.997204 -0.000000
vn 0.074727 0.997204 -0.000000
vn 0.074727 0.997204 -0.000000
vn 0.074727 0.997204 -0.000000
vn 0.074727 0.997204 -0.000000
vn 0.074727 0.997204 -0.000000
vn 0.074727 0.997204 -0.000000
vn 0.074727 0.997204 -0.000000
vn 0.074727 0.997204 -0.000000
vn 0.074727 0.997204 -0.000000
vn -0.000000 -1.000000 0.000000
vn -0.000000 -1.000000 0.000000
vn -0.000000 -1.000000 0.000000
vn -0.000000 -1.000000 0.000000
vn -0.000000 -1.000000 0.000000
vn -0.000000 -1.000000 0.000000
vn -0.000000 -1.000000 0.000000
vn -0.000000 -1.000000 0.000000
vn -0.000000 -1.000000 0.000000
vn -0.000000 -1.000000 0.000000
vn -0.000000 -1.000000 0.000000
vn -0.000000 -1.000000 0.000000
vn -0.000000 -1.000000 0.000000
vn -0.000000 -1.000000 0.000000
vn -0.000000 -1.000000 0.000000
vn -0.000000 -1.000000 0.000000
vn -0.000000 -1.000000 0.000000
vn -0.000000 -1.000000 0.000000
vn -0.000000 -1.000000 0.000000
vn -0.000000 -1.000000 0.000000
vn -0.000000 -1.000000 0.000000
vn -0.000000 -1.000000 0.000000
vn -0.000000 -1.000000 0.000000
vn -0.000000 -1.000000 0.000000
vn -0.000000 -1.000000 0.000000
vn -0.000000 -1.000000 0.000000
vn 1.000000 0.000000 -0.000000
vn 1.000000 0.000000 -0.000000
vn 1.000000 0.000000 -0.000000
vn 1.000000 0.000000 -0.000000
vn 0.149037 0.988832 -0.000000
vn 0.149037 0.988832 -0.000000
vn 0.149037 0.988832 -0.000000
vn 0.149037 0.988832 -0.000000
vn 0.149037 0.988832 -0.000000
vn 0.149037 0.988832 -0.000000
vn 0.149037 0.988832 -0.000000
vn 0.149037 0.988832 -0.000000
vn 0.149037 0.988832 -0.000000
vn 0.149037 0.988832 -0.000000
vn 0.149037 0.988832 -0.000000
vn 0.149037 0.988832 -0.000000
vn 0.149037 0.988832 -0.000000
vn 0.149037 0.988832 -0.000000
vn 0.149037 0.988832 -0.000000
vn 0.149037 0.988832 -0.000000
vn 0.149037 0.988832 -0.000000
vn 0.149037 0.988832 -0.000000
vn 0.149037 0.988832 -0.000000
vn 0.149037 0.988832 -0.000000
vn 0.149037 0.988832 -0.000000
vn 0.149037 0.988832 -0.000000
vn 0.149037 0.988832 -0.000000
vn 0.149037 0.988832 -0.000000
vn 0.149037 0.988832 -0.000000
vn 0.149037 0.988832 -0.000000
vn 0.222513 0.974930 -0.000000
vn 0.222513 0.974930 -0.000000
vn 0.222513 0.974930 -0.000000
vn 0.222513 0.974930 -0.000000
vn 0.222513 0.974930 -0.000000
vn 0.222513 0.974930 -0.000000
vn 0.222513 0.974930 -0.000000
vn 0.222513 0.974930 -0.000000
vn 0.222513 0.974930 -0.000000
vn 0.222513 0.974930 -0.000000
vn 0.222513 0.974930 -0.000000
vn 0.222513 0.974930 -0.000000
vn 0.222513 0.974930 -0.000000
vn 0.222513 0.974930 -0.000000
vn 0.222513 0.974930 -0.000000
vn 0.222513 0.974930 -0.000000
vn 0.222513 0.974930 -0.000000
vn 0.222513 0.974930 -0.000000
vn 0.222513 0.974930 -0.000000
vn 0.222513 0.974930 -0.000000
vn 0.222513 0.974930 -0.000000
vn 0.222513 0.974930 -0.000000
vn 0.222513 0.974930 -0.000000
vn 0.222513 0.974930 -0.000000
vn 0.222513 0.974930 -0.000000
vn 0.222513 0.974930 -0.000000
vn 0.294745 0.955576 -0.000000
vn 0.294745 0.955576 -0.000000
vn 0.294745 0.955576 -0.000000
vn 0.294745 0.955576 -0.000000
vn 0.294745 0.955576 -0.000000
vn 0.294745 0.955576 -0.000000
vn 0.294745 0.955576 -0.000000
vn 0.294745 0.955576 -0.000000
vn 0.294745 0.955576 -0.000000
vn 0.294745 0.955576 -0.000000
vn 0.294745 0.955576 -0.000000
vn 0.294745 0.955576 -0.000000
vn 0.294745 0.955576 -0.000000
vn 0.294745 0.955576 -0.000000
vn 0.294745 0.955576 -0.000000
vn 0.294745 0.955576 -0.000000
vn 0.294745 0.955576 -0.000000
vn 0.294745 0.955576 -0.000000
vn 0.294745 0.955576 -0.000000
vn 0.294745 0.955576 -0.000000
vn 0.294745 0.955576 -0.000000
vn 0.294745 0.955576 -0.000000
vn 0.294745 0.955576 -0.000000
vn 0.294745 0.955576 -0.000000
vn 0.294745 0.955576 -0.000000
vn 0.294745 0.955576 -0.000000
vn 0.365328 0.930879 -0.000000
vn 0.365328 0.930879 -0.000000
vn 0.365328 0.930879 -0.000000
vn 0.365328 0.930879 -0.000000
vn 0.365328 0.930879 -0.000000
vn 0.365328 0.930879 -0.000000
vn 0.365328 0.930879 -0.000000
vn 0.365328 0.930879 -0.000000
vn 0.365328 0.930879 -0.000000
vn 0.365328 0.930879 -0.000000
vn 0.365328 0.930879 -0.000000
vn 0.365328 0.930879 -0.000000
vn 0.365328 0.930879 -0.000000
vn 0.365328 0.930879 -0.000000
vn 0.365328 0.930879 -0.000000
vn 0.365328 0.930879 -0.000000
vn 0.365328 0.930879 -0.000000
vn 0.365328 0.930879 -0.000000
vn 0.365328 0.930879 -0.000000
vn 0.365328 0.930879 -0.000000
vn 0.365328 0.930879 -0.000000
vn 0.365328 0.930879 -0.000000
vn 0.365328 0.930879 -0.000000
vn 0.365328 0.930879 -0.000000
vn 0.365328 0.930879 -0.000000
vn 0.365328 0.930879 -0.000000
vn -0.000000 -1.000000 0.000000
vn -0.000000 -1.000000 0.000000
vn -0.000000 -1.000000 0.000000
vn -0.000000 -1.000000 0.000000
vn -0.000000 -1.000000 0.000000
vn -0.000000 -1.000000 0.000000
vn -0.000000 -1.000000 0.000000
vn -0.000000 -1.000000 0.000000
vn -0.000000 -1.000000 0.000000
vn -0.000000 -1.000000 0.000000
vn -0.000000 -1.000000 0.000000
vn -0.000000 -1.000000 0.000000
vn -0.000000 -1.000000 0.000000
vn 1.000000 0.000000 -0.000000
vn 1.000000 0.000000 -0.000000
vn 1.000000 0.000000 -0.000000
vn 1.000000 0.000000 -0.000000
vn -0.433869 -0.900976 0.000000
vn -0.433869 -0.900976 0.000000
vn -0.433869 -0.900976 0.000000
vn -0.433869 -0.900976 0.000000
vn -0.433869 -0.900976 0.000000
vn -0.433869 -0.900976 0.000000
vn -0.433869 -0.900976 0.000000
vn -0.433869 -0.900976 0.000000
vn -0.000000 -1.000000 0.000000
vn -0.000000 -1.000000 0.000000
vn -0.000000 -1.000000 0.000000
vn -0.000000 -1.000000 0.000000
vn -0.000000 -1.000000 0.000000
vn -0.000000 -1.000000 0.000000
vn 0.433869 0.900976 -0.000000
vn 0.433869 0.900976 -0.000000
vn 0.433869 0.900976 -0.000000
vn 0.433869 0.900976 -0.000000
vn 0.433869 0.900976 -0.000000
vn 0.433869 0.900976 -0.000000
vn 0.433869 0.900976 -0.000000
vn 0.433869 0.900976 -0.000000
vn 0.433869 0.900976 -0.000000
vn 0.433869 0.900976 -0.000000
vn -0.000000 -1.000000 0.000000
vn -0.000000 -1.000000 0.000000
vn -0.000000 -1.000000 0.000000
vn -0.000000 -1.000000 0.000000
vn -0.000000 -1.000000 0.000000
vn -0.000000 -1.000000 0.000000
vn -0.000000 -1.000000 0.000000
vn -0.000000 -1.000000 0.000000
vn -0.000000 -1.000000 0.000000
vn -0.000000 -1.000000 0.000000
vn 0.649034 -0.760760 0.000000
vn 0.649034 -0.760760 0.000000
vn 0.506885 -0.862014 0.000000
vn 0.429730 -0.902957 0.000000
vn 0.349297 -0.937012 0.000000
vn 0.181070 -0.983470 0.000000
vn 0.349297 -0.937012 0.000000
vn 0.181070 -0.983470 0.000000
vn 0.506885 -0.862014 0.000000
vn 0.000000 0.000000 1.000000
vn 0.000000 0.000000 1.000000
vn 0.000000 0.000000 1.000000
vn 0.000000 0.000000 1.000000
vn 0.000000 0.000000 1.000000
vn 0.000000 0.000000 1.000000
vn 0.000000 0.000000 1.000000
vn 0.000000 0.000000 1.000000
vn 0.000000 0.000000 1.000000
vn 0.000000 0.000000 1.000000
vn 0.000000 0.000000 1.000000
vn 0.000000 0.000000 1.000000
vn 0.000000 0.000000 1.000000
vn 0.000000 0.000000 1.000000
vn 0.000000 0.000000 1.000000
vn 0.000000 0.000000 1.000000
vn 0.000000 0.000000 1.000000
vn 0.000000 0.000000 1.000000
vn 0.000000 0.000000 1.000000
vn 0.000000 0.000000 1.000000
vn 0.000000 0.000000 1.000000
vn 0.000000 0.000000 1.000000
vn 0.000000 0.000000 1.000000
vn 0.000000 0.000000 1.000000
vn 0.000000 0.000000 1.000000
vn 0.000000 0.000000 1.000000
vn 0.000000 0.000000 1.000000
vn 0.000000 0.000000 1.000000
vn 0.000000 0.000000 1.000000
vn 0.000000 0.000000 1.000000
vn 0.000000 0.000000 1.000000
vn 0.000000 0.000000 1.000000
vn 0.000000 0.000000 1.000000
vn 0.000000 0.000000 1.000000
vn 0.000000 0.000000 1.000000
vn 0.000000 0.000000 1.000000
vn 0.000000 0.000000 1.000000
vn 0.000000 0.000000 1.000000
vn 0.000000 0.000000 1.000000
vn 0.000000 0.000000 1.000000
vn 0.000000 0.000000 1.000000
vn 0.000000 0.000000 1.000000
vn 0.000000 0.000000 1.000000
vn 0.000000 0.000000 1.000000
vn 0.000000 0.000000 1.000000
vn 0.000000 0.000000 1.000000
vn 0.000000 0.000000 1.000000
vn 0.000000 0.000000 1.000000
vn 0.000000 0.000000 1.000000
vn 0.000000 0.000000 1.000000
vn 0.000000 0.000000 1.000000
vn 0.000000 0.000000 1.000000
vn 0.000000 0.000000 1.000000
vn 0.000000 0.000000 1.000000
vn 0.000000 0.000000 1.000000
vn 0.000000 0.000000 1.000000
vn 0.000000 0.000000 1.000000
vn 0.000000 0.000000 1.000000
vn 0.000000 0.000000 1.000000
vn 0.000000 0.000000 1.000000
vn 0.000000 0.000000 1.000000
vn 0.000000 0.000000 1.000000
vn 0.000000 0.000000 1.000000
vn 0.000000 0.000000 1.000000
vn 0.000000 0.000000 1.000000
vn 0.000000 0.000000 1.000000
vn 0.000000 0.000000 1.000000
vn 0.000000 0.000000 1.000000
vn 0.000000 0.000000 1.000000
vn 0.000000 0.000000 1.000000
vn 0.000000 0.000000 1.000000
vn 0.000000 0.000000 1.000000
vn 0.000000 0.000000 1.000000
vn 0.000000 0.000000 1.000000
vn 0.000000 0.000000 1.000000
vn 0.000000 0.000000 1.000000
vn 0.000000 0.000000 1.000000
vn 0.000000 0.000000 1.000000
vn 0.000000 0.000000 1.000000
vn 0.000000 0.000000 1.000000
vn 0.000000 0.000000 1.000000
vn 0.000000 0.000000 1.000000
vn 0.000000 0.000000 1.000000
vn 0.000000 0.000000 1.000000
vn 0.000000 0.000000 1.000000
vn 0.000000 0.000000 1.000000
vn 0.000000 0.000000 1.000000
vn 0.000000 0.000000 1.000000
vn 0.000000 0.000000 1.000000
vn 0.000000 0.000000 1.000000
vn 0.000000 0.000000 1.000000
vn 0.000000 0.000000 1.000000
vn 0.000000 0.000000 1.000000
vn 0.000000 0.000000 1.000000
vn 0.000000 0.000000 1.000000
vn 0.000000 0.000000 1.000000
vn 0.000000 0.000000 1.000000
vn 0.000000 0.000000 1.000000
vn 0.000000 0.000000 1.000000
vn 0.000000 0.000000 1.000000
vn 0.000000 0.000000 1.000000
vn 0.000000 0.000000 1.000000
vn 0.000000 0.000000 1.000000
vn 0.000000 0.000000 1.000000
vn 0.000000 0.000000 1.000000
vn 0.000000 0.000000 1.000000
vn 0.000000 0.000000 1.000000
vn 0.000000 0.000000 1.000000
vn 0.000000 0.000000 1.000000
vn 0.000000 0.000000 1.000000
vn 0.000000 0.000000 1.000000
vn 0.000000 0.000000 1.000000
vn 0.000000 0.000000 1.000000
vn 0.000000 0.000000 1.000000
vn 0.000000 0.000000 1.000000
vn 0.000000 0.000000 1.000000
vn 0.000000 0.000000 1.000000
vn 0.000000 0.000000 1.000000
vn 0.000000 0.000000 1.000000
vn 0.000000 0.000000 1.000000
vn 0.000000 0.000000 1.000000
vn 0.000000 0.000000 1.000000
vn 0.000000 0.000000 1.000000
vn 0.000000 0.000000 1.000000
vn 0.000000 0.000000 1.000000
vn 0.000000 0.000000 1.000000
vn 0.000000 0.000000 1.000000
vn 0.000000 0.000000 1.000000
vn 0.000000 0.000000 1.000000
vn 0.000000 0.000000 1.000000
vn 0.000000 0.000000 1.000000
vn 0.000000 0.000000 1.000000
vn 0.000000 0.000000 1.000000
vn 0.000000 0.000000 1.000000
vn 0.000000 0.000000 1.000000
vn 0.000000 0.000000 1.000000
vn 0.000000 0.000000 1.000000
vn 0.000000 0.000000 1.000000
vn 0.000000 0.000000 1.000000
vn 0.000000 0.000000 1.000000
vn 0.000000 0.000000 1.000000
vn 0.000000 0.000000 1.000000
vn 0.000000 0.000000 1.000000
vn 0.000000 0.000000 1.000000
vn 0.000000 0.000000 1.000000
vn 0.000000 0.000000 1.000000
vn 0.000000 0.000000 1.000000
vn 0.000000 0.000000 1.000000
vn 0.000000 0.000000 1.000000
vn 0.000000 0.000000 1.000000
vn 0.000000 0.000000 1.000000
vn 0.000000 0.000000 1.000000
vn 0.000000 0.000000 1.000000
vn -0.000000 -0.000000 -1.000000
vn -0.000000 -0.000000 -1.000000
vn -0.000000 -0.000000 -1.000000
vn -0.000000 -0.000000 -1.000000
vn -0.000000 -0.000000 -1.000000
vn -0.000000 -0.000000 -1.000000
vn -0.000000 -0.000000 -1.000000
vn -0.000000 -0.000000 -1.000000
vn -0.000000 -0.000000 -1.000000
vn -0.000000 -0.000000 -1.000000
vn -0.000000 -0.000000 -1.000000
vn -0.000000 -0.000000 -1.000000
vn -0.000000 -0.000000 -1.000000
vn -0.000000 -0.000000 -1.000000
vn -0.000000 -0.000000 -1.000000
vn -0.000000 -0.000000 -1.000000
vn -0.000000 -0.000000 -1.000000
vn -0.000000 -0.000000 -1.000000
vn -0.000000 -0.000000 -1.000000
vn -0.000000 -0.000000 -1.000000
vn -0.000000 -0.000000 -1.000000
vn -0.000000 -0.000000 -1.000000
vn -0.000000 -0.000000 -1.000000
vn -0.000000 -0.000000 -1.000000
vn -0.000000 -0.000000 -1.000000
vn -0.000000 -0.000000 -1.000000
vn -0.000000 -0.000000 -1.000000
vn -0.000000 -0.000000 -1.000000
vn -0.000000 -0.000000 -1.000000
vn -0.000000 -0.000000 -1.000000
vn -0.000000 -0.000000 -1.000000
vn -0.000000 -0.000000 -1.000000
vn -0.000000 -0.000000 -1.000000
vn -0.000000 -0.000000 -1.000000
vn -0.000000 -0.000000 -1.000000
vn -0.000000 -0.000000 -1.000000
vn -0.000000 -0.000000 -1.000000
vn -0.000000 -0.000000 -1.000000
vn -0.000000 -0.000000 -1.000000
vn -0.000000 -0.000000 -1.000000
vn -0.000000 -0.000000 -1.000000
vn -0.000000 -0.000000 -1.000000
vn -0.000000 -0.000000 -1.000000
vn -0.000000 -0.000000 -1.000000
vn -0.000000 -0.000000 -1.000000
vn -0.000000 -0.000000 -1.000000
vn -0.000000 -0.000000 -1.000000
vn -0.000000 -0.000000 -1.000000
vn -0.000000 -0.000000 -1.000000
vn -0.000000 -0.000000 -1.000000
vn -0.000000 -0.000000 -1.000000
vn -0.000000 -0.000000 -1.000000
vn -0.000000 -0.000000 -1.000000
vn -0.000000 -0.000000 -1.000000
vn -0.000000 -0.000000 -1.000000
vn -0.000000 -0.000000 -1.000000
vn -0.000000 -0.000000 -1.000000
vn -0.000000 -0.000000 -1.000000
vn -0.000000 -0.000000 -1.000000
vn -0.000000 -0.000000 -1.000000
vn -0.000000 -0.000000 -1.000000
vn -0.000000 -0.000000 -1.000000
vn -0.000000 -0.000000 -1.000000
vn -0.000000 -0.000000 -1.000000
vn -0.000000 -0.000000 -1.000000
vn -0.000000 -0.000000 -1.000000
vn -0.000000 -0.000000 -1.000000
vn -0.000000 -0.000000 -1.000000
vn -0.000000 -0.000000 -1.000000
vn -0.000000 -0.000000 -1.000000
vn -0.000000 -0.000000 -1.000000
vn -0.000000 -0.000000 -1.000000
vn -0.000000 -0.000000 -1.000000
vn -0.000000 -0.000000 -1.000000
vn -0.000000 -0.000000 -1.000000
vn -0.000000 -0.000000 -1.000000
vn -0.000000 -0.000000 -1.000000
vn -0.000000 -0.000000 -1.000000
vn -0.000000 -0.000000 -1.000000
vn -0.000000 -0.000000 -1.000000
vn -0.000000 -0.000000 -1.000000
vn -0.000000 -0.000000 -1.000000
vn -0.000000 -0.000000 -1.000000
vn -0.000000 -0.000000 -1.000000
vn -0.000000 -0.000000 -1.000000
vn -0.000000 -0.000000 -1.000000
vn -0.000000 -0.000000 -1.000000
vn -0.000000 -0.000000 -1.000000
vn -0.000000 -0.000000 -1.000000
vn -0.000000 -0.000000 -1.000000
vn -0.000000 -0.000000 -1.000000
vn -0.000000 -0.000000 -1.000000
vn -0.000000 -0.000000 -1.000000
vn -0.000000 -0.000000 -1.000000
vn -0.000000 -0.000000 -1.000000
vn -0.000000 -0.000000 -1.000000
vn -0.000000 -0.000000 -1.000000
vn -0.000000 -0.000000 -1.000000
vn -0.000000 -0.000000 -1.000000
vn -0.000000 -0.000000 -1.000000
vn -0.000000 -0.000000 -1.000000
vn -0.000000 -0.000000 -1.000000
vn -0.000000 -0.000000 -1.000000
vn -0.000000 -0.000000 -1.000000
vn -0.000000 -0.000000 -1.000000
vn -0.000000 -0.000000 -1.000000
vn -0.000000 -0.000000 -1.000000
vn -0.000000 -0.000000 -1.000000
vn -0.000000 -0.000000 -1.000000
vn -0.000000 -0.000000 -1.000000
vn -0.000000 -0.000000 -1.000000
vn -0.000000 -0.000000 -1.000000
vn -0.000000 -0.000000 -1.000000
vn -0.000000 -0.000000 -1.000000
vn -0.000000 -0.000000 -1.000000
vn -0.000000 -0.000000 -1.000000
vn -0.000000 -0.000000 -1.000000
vn -0.000000 -0.000000 -1.000000
vn -0.000000 -0.000000 -1.000000
vn -0.000000 -0.000000 -1.000000
vn -0.000000 -0.000000 -1.000000
vn -0.000000 -0.000000 -1.000000
vn -0.000000 -0.000000 -1.000000
vn -0.000000 -0.000000 -1.000000
vn -0.000000 -0.000000 -1.000000
vn -0.000000 -0.000000 -1.000000
vn -0.000000 -0.000000 -1.000000
vn -0.000000 -0.000000 -1.000000
vn -0.000000 -0.000000 -1.000000
vn -0.000000 -0.000000 -1.000000
vn -0.000000 -0.000000 -1.000000
vn -0.000000 -0.000000 -1.000000
vn -0.000000 -0.000000 -1.000000
vn -0.000000 -0.000000 -1.000000
vn -0.000000 -0.000000 -1.000000
vn -0.000000 -0.000000 -1.000000
vn -0.000000 -0.000000 -1.000000
vn -0.000000 -0.000000 -1.000000
vn -0.000000 -0.000000 -1.000000
vn -0.000000 -0.000000 -1.000000
vn -0.000000 -0.000000 -1.000000
vn -0.000000 -0.000000 -1.000000
vn -0.000000 -0.000000 -1.000000
vn -0.000000 -0.000000 -1.000000
vn -0.000000 -0.000000 -1.000000
vn -0.000000 -0.000000 -1.000000
vn -0.000000 -0.000000 -1.000000
vn -0.000000 -0.000000 -1.000000
vn -0.000000 -0.000000 -1.000000
vn -0.000000 -0.000000 -1.000000
vn -0.000000 -0.000000 -1.000000
vn -0.000000 -0.000000 -1.000000
vn -0.000000 -0.000000 -1.000000
vn 0.000000 1.000000 -0.000000
vn 0.000000 1.000000 -0.000000
vn 0.000000 1.000000 -0.000000
vn 0.000000 1.000000 -0.000000
vn 0.000000 1.000000 -0.000000
vn 0.000000 1.000000 -0.000000
vn 0.000000 1.000000 -0.000000
vn 0.000000 1.000000 -0.000000
vn 0.000000 1.000000 -0.000000
vn 0.000000 1.000000 -0.000000
vn 0.000000 1.000000 -0.000000
vn 0.000000 1.000000 -0.000000
vn 0.000000 1.000000 -0.000000
vn 0.000000 1.000000 -0.000000
vn 0.000000 1.000000 -0.000000
vn 0.000000 1.000000 -0.000000
vn 0.000000 1.000000 -0.000000
vn 0.000000 1.000000 -0.000000
vn 0.000000 1.000000 -0.000000
vn 0.000000 1.000000 -0.000000
vn 0.000000 1.000000 -0.000000
vn 0.000000 1.000000 -0.000000
vn 0.000000 1.000000 -0.000000
vn 0.000000 1.000000 -0.000000
vn 0.000000 1.000000 -0.000000
vn 0.000000 1.000000 -0.000000
vn -0.995341 0.096417 -0.000000
vn -0.995341 0.096417 -0.000000
vn -0.995665 0.093017 -0.000000
vn -0.995665 0.093017 -0.000000
vn -0.995976 0.089616 -0.000000
vn -0.995976 0.089616 -0.000000
vn -0.996277 0.086213 -0.000000
vn -0.996277 0.086213 -0.000000
vn -0.994659 0.103220 -0.000000
vn -0.994659 0.103220 -0.000000
vn -0.994148 0.108029 -0.000000
vn -0.994148 0.108029 -0.000000
vn -0.993614 0.112836 -0.000000
vn -0.993614 0.112836 -0.000000
vn -0.993056 0.117640 -0.000000
vn -0.993056 0.117640 -0.000000
vn -0.992232 0.124400 -0.000000
vn -0.992232 0.124400 -0.000000
vn -0.991623 0.129167 -0.000000
vn -0.991623 0.129167 -0.000000
vn -0.990991 0.133931 -0.000000
vn -0.990991 0.133931 -0.000000
vn -0.990336 0.138692 -0.000000
vn -0.990336 0.138692 -0.000000
vn -0.989369 0.145426 -0.000000
vn -0.989369 0.145426 -0.000000
vn -0.988657 0.150191 -0.000000
vn -0.988657 0.150191 -0.000000
vn -0.987922 0.154953 -0.000000
vn -0.987922 0.154953 -0.000000
vn -0.987164 0.159710 -0.000000
vn -0.987164 0.159710 -0.000000
vn -0.986053 0.166434 -0.000000
vn -0.986053 0.166434 -0.000000
vn -0.985230 0.171237 -0.000000
vn -0.985230 0.171237 -0.000000
vn -0.984384 0.176035 -0.000000
vn -0.984384 0.176035 -0.000000
vn -0.983515 0.180829 -0.000000
vn -0.983515 0.180829 -0.000000
vn -0.982253 0.187559 -0.000000
vn -0.982253 0.187559 -0.000000
vn -0.981309 0.192439 -0.000000
vn -0.981309 0.192439 -0.000000
vn -0.980340 0.197314 -0.000000
vn -0.980340 0.197314 -0.000000
vn -0.979348 0.202184 -0.000000
vn -0.979348 0.202184 -0.000000
vn -0.433869 -0.900976 0.000000
vn -0.433869 -0.900976 0.000000
vn -0.433869 -0.900976 0.000000
vn -0.433869 -0.900976 0.000000
vn -0.433869 -0.900976 0.000000
vn -0.433869 -0.900976 0.000000
vn -0.433869 -0.900976 0.000000
vn -0.433869 -0.900976 0.000000
vn 0.000000 1.000000 -0.000000
vn 0.000000 1.000000 -0.000000
vn 0.000000 1.000000 -0.000000
vn 0.000000 1.000000 -0.000000
vn -1.000000 -0.000000 -0.000000
vn -1.000000 -0.000000 -0.000000
vn -1.000000 -0.000000 -0.000000
vn -1.000000 -0.000000 -0.000000
vn -1.000000 -0.000000 -0.000000
vn -1.000000 -0.000000 -0.000000
vn -1.000000 -0.000000 -0.000000
vn -1.000000 -0.000000 -0.000000
vn 0.549843 0.835268 -0.000000
vn 0.549843 0.835268 -0.000000
vn 0.731085 0.682287 -0.000000
vn 0.731085 0.682287 -0.000000
vn 0.871202 0.490925 -0.000000
vn 0.871202 0.490925 -0.000000
vn 0.962312 0.271949 -0.000000
vn 0.962312 0.271949 -0.000000
vn 0.999290 0.037674 -0.000000
vn 0.999290 0.037674 -0.000000
vn 0.980056 -0.198719 0.000000
vn 0.980056 -0.198719 0.000000
vn 0.905693 -0.423935 0.000000
vn 0.905693 -0.423935 0.000000
vn 0.780382 -0.625303 0.000000
vn 0.780382 -0.625303 0.000000
vn 0.611174 -0.791496 0.000000
vn 0.611174 -0.791496 0.000000
vn 0.407586 -0.913167 0.000000
vn 0.407586 -0.913167 0.000000
vn 1.000000 0.000000 -0.000000
vn 1.000000 0.000000 -0.000000
vn 1.000000 0.000000 -0.000000
vn 1.000000 0.000000 -0.000000
vn 0.998763 -0.049725 0.000000
vn 0.998763 -0.049725 0.000000
vn 0.995956 -0.089845 0.000000
vn 0.995956 -0.089845 0.000000
vn 0.991538 -0.129820 0.000000
vn 0.985516 -0.169585 0.000000
vn 0.985516 -0.169585 0.000000
vn 0.991538 -0.129820 0.000000
vn 0.998116 0.061359 -0.000000
vn 0.998116 0.061359 -0.000000
vn 0.957323 0.289020 -0.000000
vn 0.957323 0.289020 -0.000000
vn 0.865320 0.501221 -0.000000
vn 0.865320 0.501221 -0.000000
vn 0.727027 0.686609 -0.000000
vn 0.727027 0.686609 -0.000000
vn 0.727027 0.686609 -0.000000
vn 0.865320 0.501221 -0.000000
vn 0.957323 0.289020 -0.000000
vn 0.998116 0.061359 -0.000000
vn 0.229444 0.973322 -0.000000
vn 0.229444 0.973322 -0.000000
vn 0.446645 0.894711 -0.000000
vn 0.446645 0.894711 -0.000000
vn 0.640015 0.768362 -0.000000
vn 0.640015 0.768362 -0.000000
vn 0.799236 0.601017 -0.000000
vn 0.799236 0.601017 -0.000000
vn 0.915814 0.401603 -0.000000
vn 0.915814 0.401603 -0.000000
vn 0.983527 0.180762 -0.000000
vn 0.983527 0.180762 -0.000000
vn 0.983527 0.180762 -0.000000
vn 0.915814 0.401603 -0.000000
vn 0.799236 0.601017 -0.000000
vn 0.640015 0.768362 -0.000000
vn 0.446645 0.894711 -0.000000
vn 0.229444 0.973322 -0.000000
vn -0.965926 0.258819 -0.000000
vn -0.965926 0.258819 -0.000000
vn -0.866025 0.500000 -0.000000
vn -0.866025 0.500000 -0.000000
vn -0.707107 0.707107 -0.000000
vn -0.707107 0.707107 -0.000000
vn -0.500000 0.866025 -0.000000
vn -0.500000 0.866025 -0.000000
vn -0.258819 0.965926 -0.000000
vn -0.258819 0.965926 -0.000000
vn -0.258819 0.965926 -0.000000
vn -0.500000 0.866025 -0.000000
vn -0.707107 0.707107 -0.000000
vn -0.866025 0.500000 -0.000000
vn -0.965926 0.258819 -0.000000
vn -0.258819 0.965926 -0.000000
vn -0.258819 0.965926 -0.000000
vn -0.000000 1.000000 -0.000000
vn -0.000000 1.000000 -0.000000
vn 0.258819 0.965926 -0.000000
vn 0.258819 0.965926 -0.000000
vn 0.500000 0.866025 -0.000000
vn 0.500000 0.866025 -0.000000
vn 0.707107 0.707107 -0.000000
vn 0.707107 0.707107 -0.000000
vn 0.866025 0.500000 -0.000000
vn 0.866025 0.500000 -0.000000
vn 0.965926 0.258819 -0.000000
vn 0.965926 0.258819 -0.000000
vn 1.000000 0.000000 -0.000000
vn 1.000000 0.000000 -0.000000
vn 0.965926 -0.258819 0.000000
vn 0.965926 -0.258819 0.000000
vn 0.866025 -0.500000 0.000000
vn 0.866025 -0.500000 0.000000
vn 0.707107 -0.707107 0.000000
vn 0.707107 -0.707107 0.000000
vn 0.500000 -0.866025 0.000000
vn 0.500000 -0.866025 0.000000
vn 0.258819 -0.965926 0.000000
vn 0.258819 -0.965926 0.000000
vn 0.000000 -1.000000 0.000000
vn 0.000000 -1.000000 0.000000
vn -0.258819 -0.965926 0.000000
vn -0.258819 -0.965926 0.000000
vn -0.500000 -0.866025 0.000000
vn -0.500000 -0.866025 0.000000
vn -0.707107 -0.707107 0.000000
vn -0.707107 -0.707107 0.000000
vn -0.866025 -0.500000 0.000000
vn -0.866025 -0.500000 0.000000
vn -0.965926 -0.258819 0.000000
vn -0.965926 -0.258819 0.000000
vn -1.000000 0.000000 -0.000000
vn -1.000000 0.000000 -0.000000
vn -0.965926 0.258819 -0.000000
vn -0.965926 0.258819 -0.000000
vn -0.866025 0.500000 -0.000000
vn -0.866025 0.500000 -0.000000
vn -0.707107 0.707107 -0.000000
vn -0.707107 0.707107 -0.000000
vn -0.500000 0.866025 -0.000000
vn -0.500000 0.866025 -0.000000
vn 0.258819 0.965926 -0.000000
vn 0.258819 0.965926 -0.000000
vn -0.000000 1.000000 -0.000000
vn -0.000000 1.000000 -0.000000
vn -0.258819 0.965926 -0.000000
vn -0.258819 0.965926 -0.000000
vn -0.500000 0.866025 -0.000000
vn -0.500000 0.866025 -0.000000
vn -0.707107 0.707107 -0.000000
vn -0.707107 0.707107 -0.000000
vn -0.866025 0.500000 -0.000000
vn -0.866025 0.500000 -0.000000
vn -0.965926 0.258819 -0.000000
vn -0.965926 0.258819 -0.000000
vn -1.000000 0.000000 -0.000000
vn -1.000000 0.000000 -0.000000
vn -0.965926 -0.258819 0.000000
vn -0.965926 -0.258819 0.000000
vn -0.866025 -0.500000 0.000000
vn -0.866025 -0.500000 0.000000
vn -0.707107 -0.707107 0.000000
vn -0.707107 -0.707107 0.000000
vn -0.500000 -0.866025 0.000000
vn -0.500000 -0.866025 0.000000
vn -0.258819 -0.965926 0.000000
vn -0.258819 -0.965926 0.000000
vn -0.000000 -1.000000 0.000000
vn -0.000000 -1.000000 0.000000
vn 0.258819 -0.965926 0.000000
vn 0.258819 -0.965926 0.000000
vn 0.500000 -0.866025 0.000000
vn 0.500000 -0.866025 0.000000
vn 0.707107 -0.707107 0.000000
vn 0.707107 -0.707107 0.000000
vn 0.866025 -0.500000 0.000000
vn 0.866025 -0.500000 0.000000
vn 0.965926 -0.258819 0.000000
vn 0.965926 -0.258819 0.000000
vn 1.000000 0.000000 -0.000000
vn 1.000000 0.000000 -0.000000
vn 0.965926 0.258819 -0.000000
vn 0.965926 0.258819 -0.000000
vn 0.866025 0.500000 -0.000000
vn 0.866025 0.500000 -0.000000
vn 0.707107 0.707107 -0.000000
vn 0.707107 0.707107 -0.000000
vn 0.500000 0.866025 -0.000000
vn 0.500000 0.866025 -0.000000
vn -0.258819 0.965926 -0.000000
vn -0.258819 0.965926 -0.000000
vn -0.000000 1.000000 -0.000000
vn -0.000000 1.000000 -0.000000
vn 0.258819 0.965926 -0.000000
vn 0.258819 0.965926 -0.000000
vn 0.500000 0.866025 -0.000000
vn 0.500000 0.866025 -0.000000
vn 0.707107 0.707107 -0.000000
vn 0.707107 0.707107 -0.000000
vn 0.866025 0.500000 -0.000000
vn 0.866025 0.500000 -0.000000
vn 0.965926 0.258819 -0.000000
vn 0.965926 0.258819 -0.000000
vn 1.000000 0.000000 -0.000000
vn 1.000000 0.000000 -0.000000
vn 0.965926 -0.258819 0.000000
vn 0.965926 -0.258819 0.000000
vn 0.866025 -0.500000 0.000000
vn 0.866025 -0.500000 0.000000
vn 0.707107 -0.707107 0.000000
vn 0.707107 -0.707107 0.000000
vn 0.500000 -0.866025 0.000000
vn 0.500000 -0.866025 0.000000
vn 0.258819 -0.965926 0.000000
vn 0.258819 -0.965926 0.000000
vn 0.000000 -1.000000 0.000000
vn 0.000000 -1.000000 0.000000
vn -0.258819 -0.965926 0.000000
vn -0.258819 -0.965926 0.000000
vn -0.500000 -0.866025 0.000000
vn -0.500000 -0.866025 0.000000
vn -0.707107 -0.707107 0.000000
vn -0.707107 -0.707107 0.000000
vn -0.866025 -0.500000 0.000000
vn -0.866025 -0.500000 0.000000
vn -0.965926 -0.258819 0.000000
vn -0.965926 -0.258819 0.000000
vn -1.000000 0.000000 -0.000000
vn -1.000000 0.000000 -0.000000
vn -0.965926 0.258819 -0.000000
vn -0.965926 0.258819 -0.000000
vn -0.866025 0.500000 -0.000000
vn -0.866025 0.500000 -0.000000
vn -0.707107 0.707107 -0.000000
vn -0.707107 0.707107 -0.000000
vn -0.500000 0.866025 -0.000000
vn -0.500000 0.866025 -0.000000
vn 0.258819 0.965926 -0.000000
vn 0.258819 0.965926 -0.000000
vn -0.000000 1.000000 -0.000000
vn -0.000000 1.000000 -0.000000
vn -0.258819 0.965926 -0.000000
vn -0.258819 0.965926 -0.000000
vn -0.500000 0.866025 -0.000000
vn -0.500000 0.866025 -0.000000
vn -0.707107 0.707107 -0.000000
vn -0.707107 0.707107 -0.000000
vn -0.866025 0.500000 -0.000000
vn -0.866025 0.500000 -0.000000
vn -0.965926 0.258819 -0.000000
vn -0.965926 0.258819 -0.000000
vn -1.000000 0.000000 -0.000000
vn -1.000000 0.000000 -0.000000
vn -0.965926 -0.258819 0.000000
vn -0.965926 -0.258819 0.000000
vn -0.866025 -0.500000 0.000000
vn -0.866025 -0.500000 0.000000
vn -0.707107 -0.707107 0.000000
vn -0.707107 -0.707107 0.000000
vn -0.500000 -0.866025 0.000000
vn -0.500000 -0.866025 0.000000
vn -0.258819 -0.965926 0.000000
vn -0.258819 -0.965926 0.000000
vn -0.000000 -1.000000 0.000000
vn -0.000000 -1.000000 0.000000
vn 0.258819 -0.965926 0.000000
vn 0.258819 -0.965926 0.000000
vn 0.500000 -0.866025 0.000000
vn 0.500000 -0.866025 0.000000
vn 0.707107 -0.707107 0.000000
vn 0.707107 -0.707107 0.000000
vn 0.866025 -0.500000 0.000000
vn 0.866025 -0.500000 0.000000
vn 0.965926 -0.258819 0.000000
vn 0.965926 -0.258819 0.000000
vn 1.000000 0.000000 -0.000000
vn 1.000000 0.000000 -0.000000
vn 0.965926 0.258819 -0.000000
vn 0.965926 0.258819 -0.000000
vn 0.866025 0.500000 -0.000000
vn 0.866025 0.500000 -0.000000
vn 0.707107 0.707107 -0.000000
vn 0.707107 0.707107 -0.000000
vn 0.500000 0.866025 -0.000000
vn 0.500000 0.866025 -0.000000
vn -0.258819 0.965926 -0.000000
vn -0.258819 0.965926 -0.000000
vn -0.000000 1.000000 -0.000000
vn -0.000000 1.000000 -0.000000
vn 0.258819 0.965926 -0.000000
vn 0.258819 0.965926 -0.000000
vn 0.500000 0.866025 -0.000000
vn 0.500000 0.866025 -0.000000
vn 0.707107 0.707107 -0.000000
vn 0.707107 0.707107 -0.000000
vn 0.866025 0.500000 -0.000000
vn 0.866025 0.500000 -0.000000
vn 0.965926 0.258819 -0.000000
vn 0.965926 0.258819 -0.000000
vn 1.000000 0.000000 -0.000000
vn 1.000000 0.000000 -0.000000
vn 0.965926 -0.258819 0.000000
vn 0.965926 -0.258819 0.000000
vn 0.866025 -0.500000 0.000000
vn 0.866025 -0.500000 0.000000
vn 0.707107 -0.707107 0.000000
vn 0.707107 -0.707107 0.000000
vn 0.500000 -0.866025 0.000000
vn 0.500000 -0.866025 0.000000
vn 0.258819 -0.965926 0.000000
vn 0.258819 -0.965926 0.000000
vn 0.000000 -1.000000 0.000000
vn 0.000000 -1.000000 0.000000
vn -0.258819 -0.965926 0.000000
vn -0.258819 -0.965926 0.000000
vn -0.500000 -0.866025 0.000000
vn -0.500000 -0.866025 0.000000
vn -0.707107 -0.707107 0.000000
vn -0.707107 -0.707107 0.000000
vn -0.866025 -0.500000 0.000000
vn -0.866025 -0.500000 0.000000
vn -0.965926 -0.258819 0.000000
vn -0.965926 -0.258819 0.000000
vn -1.000000 0.000000 -0.000000
vn -1.000000 0.000000 -0.000000
vn -0.965926 0.258819 -0.000000
vn -0.965926 0.258819 -0.000000
vn -0.866025 0.500000 -0.000000
vn -0.866025 0.500000 -0.000000
vn -0.707107 0.707107 -0.000000
vn -0.707107 0.707107 -0.000000
vn -0.500000 0.866025 -0.000000
vn -0.500000 0.866025 -0.000000
vn 0.258819 0.965926 -0.000000
vn 0.258819 0.965926 -0.000000
vn -0.000000 1.000000 -0.000000
vn -0.000000 1.000000 -0.000000
vn -0.258819 0.965926 -0.000000
vn -0.258819 0.965926 -0.000000
vn -0.500000 0.866025 -0.000000
vn -0.500000 0.866025 -0.000000
vn -0.707107 0.707107 -0.000000
vn -0.707107 0.707107 -0.000000
vn -0.866025 0.500000 -0.000000
vn -0.866025 0.500000 -0.000000
vn -0.965926 0.258819 -0.000000
vn -0.965926 0.258819 -0.000000
vn -1.000000 0.000000 -0.000000
vn -1.000000 0.000000 -0.000000
vn -0.965926 -0.258819 0.000000
vn -0.965926 -0.258819 0.000000
vn -0.866025 -0.500000 0.000000
vn -0.866025 -0.500000 0.000000
vn -0.707107 -0.707107 0.000000
vn -0.707107 -0.707107 0.000000
vn -0.500000 -0.866025 0.000000
vn -0.500000 -0.866025 0.000000
vn -0.258819 -0.965926 0.000000
vn -0.258819 -0.965926 0.000000
vn -0.000000 -1.000000 0.000000
vn -0.000000 -1.000000 0.000000
vn 0.258819 -0.965926 0.000000
vn 0.258819 -0.965926 0.000000
vn 0.500000 -0.866025 0.000000
vn 0.500000 -0.866025 0.000000
vn 0.707107 -0.707107 0.000000
vn 0.707107 -0.707107 0.000000
vn 0.866025 -0.500000 0.000000
vn 0.866025 -0.500000 0.000000
vn 0.965926 -0.258819 0.000000
vn 0.965926 -0.258819 0.000000
vn 1.000000 0.000000 -0.000000
vn 1.000000 0.000000 -0.000000
vn 0.965926 0.258819 -0.000000
vn 0.965926 0.258819 -0.000000
vn 0.866025 0.500000 -0.000000
vn 0.866025 0.500000 -0.000000
vn 0.707107 0.707107 -0.000000
vn 0.707107 0.707107 -0.000000
vn 0.500000 0.866025 -0.000000
vn 0.500000 0.866025 -0.000000
usemtl Paint_-_Enamel_Glossy_(White)
f 1/1/1 2/2/2 4/3/3
f 4/3/3 2/2/2 3/4/4
f 5/5/5 6/6/6 8/7/7
f 8/7/7 6/6/6 7/8/8
f 6/9/9 9/10/10 7/11/11
f 7/11/11 9/10/10 10/12/12
f 7/11/11 10/12/12 11/13/13
f 12/14/14 13/15/15 4/16/16
f 4/16/16 13/15/15 14/17/17
f 4/16/16 14/17/17 1/18/18
f 15/19/19 16/20/20 34/21/21
f 34/21/21 16/20/20 33/22/22
f 33/22/22 16/20/20 17/23/23
f 33/22/22 17/23/23 32/24/24
f 32/24/24 17/23/23 31/25/25
f 31/25/25 17/23/23 18/26/26
f 31/25/25 18/26/26 29/27/27
f 29/27/27 18/26/26 19/28/28
f 29/27/27 19/28/28 28/29/29
f 28/29/29 19/28/28 26/30/30
f 28/29/29 26/30/30 27/31/31
f 19/28/28 20/32/32 26/30/30
f 26/30/30 20/32/32 25/33/33
f 25/33/33 20/32/32 24/34/34
f 24/34/34 20/32/32 21/35/35
f 24/34/34 21/35/35 23/36/36
f 23/36/36 21/35/35 22/37/37
f 29/27/27 30/38/38 31/25/25
f 11/39/39 35/40/40 7/41/41
f 7/41/41 35/40/40 8/42/42
f 36/43/43 12/44/44 3/45/45
f 3/45/45 12/44/44 4/46/46
f 38/47/47 61/48/48 37/49/49
f 37/49/49 61/48/48 62/50/50
f 37/49/49 62/50/50 40/51/51
f 40/51/51 62/50/50 39/52/52
f 39/52/52 62/50/50 44/53/53
f 39/52/52 44/53/53 38/47/47
f 38/47/47 44/53/53 41/54/54
f 38/47/47 41/54/54 61/48/48
f 61/48/48 41/54/54 42/55/55
f 61/48/48 42/55/55 45/56/56
f 45/56/56 42/55/55 48/57/57
f 48/57/57 42/55/55 43/58/58
f 48/57/57 43/58/58 62/50/50
f 62/50/50 43/58/58 44/53/53
f 45/56/56 46/59/59 61/48/48
f 61/48/48 46/59/59 49/60/60
f 61/48/48 49/60/60 22/61/61
f 22/61/61 49/60/60 50/62/62
f 22/61/61 50/62/62 53/63/63
f 53/63/63 50/62/62 56/64/64
f 56/64/64 50/62/62 51/65/65
f 56/64/64 51/65/65 28/66/66
f 28/66/66 51/65/65 62/50/50
f 62/50/50 51/65/65 52/67/67
f 62/50/50 52/67/67 47/68/68
f 47/68/68 52/67/67 46/59/59
f 46/59/59 52/67/67 49/60/60
f 47/68/68 48/57/57 62/50/50
f 53/63/63 54/69/69 22/61/61
f 22/61/61 54/69/69 57/70/70
f 22/61/61 57/70/70 58/71/71
f 57/70/70 54/69/69 60/72/72
f 60/72/72 54/69/69 55/73/73
f 60/72/72 55/73/73 28/66/66
f 28/66/66 55/73/73 56/64/64
f 59/74/74 64/75/75 58/71/71
f 58/71/71 64/75/75 65/76/76
f 58/71/71 65/76/76 22/61/61
f 22/61/61 65/76/76 23/77/77
f 64/75/75 59/74/74 28/66/66
f 28/66/66 59/74/74 60/72/72
f 27/78/78 63/79/79 28/66/66
f 28/66/66 63/79/79 64/75/75
f 2/80/80 66/81/81 3/82/82
f 3/82/82 66/81/81 67/83/83
f 3/82/82 67/83/83 36/84/84
f 35/85/85 68/86/86 8/87/87
f 8/87/87 68/86/86 69/88/88
f 8/87/87 69/88/88 5/89/89
f 93/90/90 70/91/91 112/92/92
f 112/92/92 70/91/91 71/93/93
f 112/92/92 71/93/93 111/94/94
f 111/94/94 71/93/93 72/95/95
f 111/94/94 72/95/95 110/96/96
f 110/96/96 72/95/95 73/97/97
f 110/96/96 73/97/97 109/98/98
f 109/98/98 73/97/97 74/99/99
f 109/98/98 74/99/99 108/100/100
f 108/100/100 74/99/99 75/101/101
f 108/100/100 75/101/101 107/102/102
f 107/102/102 75/101/101 76/103/103
f 107/102/102 76/103/103 106/104/104
f 106/104/104 76/103/103 105/105/105
f 105/105/105 76/103/103 77/106/106
f 105/105/105 77/106/106 104/107/107
f 104/107/107 77/106/106 78/108/108
f 104/107/107 78/108/108 103/109/109
f 103/109/109 78/108/108 79/110/110
f 103/109/109 79/110/110 102/111/111
f 102/111/111 79/110/110 80/112/112
f 102/111/111 80/112/112 101/113/113
f 101/113/113 80/112/112 81/114/114
f 101/113/113 81/114/114 100/115/115
f 100/115/115 81/114/114 82/116/116
f 100/115/115 82/116/116 99/117/117
f 99/117/117 82/116/116 83/118/118
f 99/117/117 83/118/118 84/119/119
f 99/117/117 84/119/119 98/120/120
f 98/120/120 84/119/119 85/121/121
f 98/120/120 85/121/121 97/122/122
f 97/122/122 85/121/121 86/123/123
f 97/122/122 86/123/123 96/124/124
f 96/124/124 86/123/123 87/125/125
f 96/124/124 87/125/125 95/126/126
f 95/126/126 87/125/125 88/127/127
f 95/126/126 88/127/127 94/128/128
f 94/128/128 88/127/127 117/129/129
f 117/129/129 88/127/127 89/130/130
f 117/129/129 89/130/130 116/131/131
f 116/131/131 89/130/130 90/132/132
f 116/131/131 90/132/132 115/133/133
f 115/133/133 90/132/132 91/134/134
f 115/133/133 91/134/134 114/135/135
f 114/135/135 91/134/134 92/136/136
f 114/135/135 92/136/136 113/137/137
f 113/137/137 92/136/136 93/90/90
f 113/137/137 93/90/90 112/92/92
f 15/138/138 132/139/139 118/140/140
f 118/140/140 132/139/139 135/141/141
f 118/140/140 135/141/141 136/142/142
f 34/143/143 119/144/144 15/138/138
f 15/138/138 119/144/144 123/145/145
f 15/138/138 123/145/145 124/146/146
f 119/144/144 120/147/147 123/145/145
f 123/145/145 120/147/147 126/148/148
f 126/148/148 120/147/147 29/149/149
f 126/148/148 29/149/149 125/150/150
f 125/150/150 29/149/149 130/151/151
f 125/150/150 130/151/151 127/152/152
f 120/147/147 121/153/153 29/149/149
f 29/149/149 121/153/153 30/154/154
f 122/155/155 134/156/156 29/149/149
f 29/149/149 134/156/156 129/157/157
f 29/149/149 129/157/157 130/151/151
f 118/140/140 144/158/158 122/155/155
f 122/155/155 144/158/158 145/159/159
f 122/155/155 145/159/159 146/160/160
f 15/138/138 124/146/146 127/152/152
f 127/152/152 124/146/146 125/150/150
f 127/152/152 128/161/161 15/138/138
f 15/138/138 128/161/161 131/162/162
f 15/138/138 131/162/162 132/139/139
f 128/161/161 129/157/157 131/162/162
f 131/162/162 129/157/157 134/156/156
f 132/139/139 133/163/163 135/141/141
f 135/141/141 133/163/163 138/164/164
f 138/164/164 133/163/163 122/155/155
f 138/164/164 122/155/155 137/165/165
f 137/165/165 122/155/155 142/166/166
f 137/165/165 142/166/166 139/167/167
f 133/163/163 134/156/156 122/155/155
f 118/140/140 136/142/142 139/167/167
f 139/167/167 136/142/142 137/165/165
f 139/167/167 140/168/168 118/140/140
f 118/140/140 140/168/168 143/169/169
f 118/140/140 143/169/169 144/158/158
f 140/168/168 141/170/170 143/169/169
f 143/169/169 141/170/170 146/160/160
f 146/160/160 141/170/170 122/155/155
f 141/170/170 142/166/166 122/155/155
f 61/171/171 147/172/172 62/173/173
f 62/173/173 147/172/172 148/174/174
f 62/173/173 148/174/174 149/175/175
f 62/173/173 149/175/175 122/176/176
f 122/176/176 149/175/175 150/177/177
f 122/176/176 150/177/177 151/178/178
f 151/178/178 152/179/179 122/176/176
f 122/176/176 152/179/179 118/180/180
f 126/181/181 125/182/182 154/183/183
f 154/183/183 125/182/182 153/184/184
f 130/185/185 129/186/186 156/187/187
f 156/187/187 129/186/186 155/188/188
f 134/189/189 133/190/190 158/191/191
f 158/191/191 133/190/190 157/192/192
f 138/193/193 137/194/194 160/195/195
f 160/195/195 137/194/194 159/196/196
f 142/197/197 141/198/198 162/199/199
f 162/199/199 141/198/198 161/200/200
f 146/201/201 145/202/202 164/203/203
f 164/203/203 145/202/202 163/204/204
f 31/205/205 30/206/206 168/207/207
f 168/207/207 30/206/206 165/208/208
f 168/207/207 165/208/208 167/209/209
f 167/209/209 165/208/208 166/210/210
f 30/206/206 121/211/211 165/208/208
f 64/212/212 63/213/213 170/214/214
f 170/214/214 63/213/213 169/215/215
f 63/216/216 27/217/217 169/218/218
f 169/218/218 27/217/217 171/219/219
f 169/218/218 171/219/219 172/220/220
f 27/217/217 26/221/221 171/219/219
f 172/220/220 173/222/222 169/218/218
f 60/223/223 59/224/224 175/225/225
f 175/225/225 59/224/224 174/226/226
f 125/227/227 124/228/228 153/229/229
f 153/229/229 124/228/228 176/230/230
f 153/229/229 176/230/230 177/231/231
f 177/231/231 178/232/232 153/229/229
f 153/229/229 178/232/232 195/233/233
f 195/233/233 178/232/232 179/234/234
f 195/233/233 179/234/234 180/235/235
f 180/235/235 181/236/236 195/233/233
f 195/233/233 181/236/236 182/237/237
f 195/233/233 182/237/237 183/238/238
f 183/238/238 184/239/239 195/233/233
f 195/233/233 184/239/239 185/240/240
f 195/233/233 185/240/240 194/241/241
f 194/241/241 185/240/240 186/242/242
f 194/241/241 186/242/242 187/243/243
f 187/243/243 188/244/244 194/241/241
f 194/241/241 188/244/244 189/245/245
f 194/241/241 189/245/245 190/246/246
f 194/241/241 190/246/246 175/247/247
f 175/247/247 190/246/246 191/248/248
f 175/247/247 191/248/248 192/249/249
f 192/249/249 193/250/250 175/247/247
f 175/247/247 193/250/250 60/251/251
f 60/251/251 193/250/250 57/252/252
f 58/253/253 196/254/254 59/255/255
f 59/255/255 196/254/254 174/256/256
f 174/256/256 196/254/254 197/257/257
f 174/256/256 197/257/257 198/258/258
f 198/258/258 199/259/259 174/256/256
f 174/256/256 199/259/259 202/260/260
f 202/260/260 199/259/259 200/261/261
f 202/260/260 200/261/261 201/262/262
f 56/263/263 55/264/264 204/265/265
f 204/265/265 55/264/264 203/266/266
f 129/267/267 128/268/268 155/269/269
f 155/269/269 128/268/268 205/270/270
f 155/269/269 205/270/270 206/271/271
f 206/271/271 207/272/272 155/269/269
f 155/269/269 207/272/272 208/273/273
f 155/269/269 208/273/273 224/274/274
f 224/274/274 208/273/273 209/275/275
f 224/274/274 209/275/275 210/276/276
f 210/276/276 211/277/277 224/274/274
f 224/274/274 211/277/277 212/278/278
f 224/274/274 212/278/278 213/279/279
f 213/279/279 214/280/280 224/274/274
f 224/274/274 214/280/280 223/281/281
f 223/281/281 214/280/280 215/282/282
f 223/281/281 215/282/282 216/283/283
f 216/283/283 217/284/284 223/281/281
f 223/281/281 217/284/284 218/285/285
f 223/281/281 218/285/285 219/286/286
f 223/281/281 219/286/286 204/287/287
f 204/287/287 219/286/286 220/288/288
f 204/287/287 220/288/288 221/289/289
f 221/289/289 222/290/290 204/287/287
f 204/287/287 222/290/290 56/291/291
f 56/291/291 222/290/290 53/292/292
f 52/293/293 51/294/294 226/295/295
f 226/295/295 51/294/294 225/296/296
f 133/297/297 132/298/298 157/299/299
f 157/299/299 132/298/298 227/300/300
f 157/299/299 227/300/300 228/301/301
f 228/301/301 229/302/302 157/299/299
f 157/299/299 229/302/302 230/303/303
f 157/299/299 230/303/303 246/304/304
f 246/304/304 230/303/303 231/305/305
f 246/304/304 231/305/305 232/306/306
f 232/306/306 233/307/307 246/304/304
f 246/304/304 233/307/307 234/308/308
f 246/304/304 234/308/308 235/309/309
f 235/309/309 236/310/310 246/304/304
f 246/304/304 236/310/310 245/311/311
f 245/311/311 236/310/310 237/312/312
f 245/311/311 237/312/312 238/313/313
f 238/313/313 239/314/314 245/311/311
f 245/311/311 239/314/314 240/315/315
f 245/311/311 240/315/315 241/316/316
f 245/311/311 241/316/316 226/317/317
f 226/317/317 241/316/316 242/318/318
f 226/317/317 242/318/318 243/319/319
f 243/319/319 244/320/320 226/317/317
f 226/317/317 244/320/320 52/321/321
f 52/321/321 244/320/320 49/322/322
f 48/323/323 47/324/324 248/325/325
f 248/325/325 47/324/324 247/326/326
f 137/327/327 136/328/328 159/329/329
f 159/329/329 136/328/328 249/330/330
f 159/329/329 249/330/330 250/331/331
f 250/331/331 251/332/332 159/329/329
f 159/329/329 251/332/332 252/333/333
f 159/329/329 252/333/333 268/334/334
f 268/334/334 252/333/333 253/335/335
f 268/334/334 253/335/335 254/336/336
f 254/336/336 255/337/337 268/334/334
f 268/334/334 255/337/337 256/338/338
f 268/334/334 256/338/338 257/339/339
f 257/339/339 258/340/340 268/334/334
f 268/334/334 258/340/340 267/341/341
f 267/341/341 258/340/340 259/342/342
f 267/341/341 259/342/342 260/343/343
f 260/343/343 261/344/344 267/341/341
f 267/341/341 261/344/344 262/345/345
f 267/341/341 262/345/345 263/346/346
f 267/341/341 263/346/346 248/347/347
f 248/347/347 263/346/346 264/348/348
f 248/347/347 264/348/348 265/349/349
f 265/349/349 266/350/350 248/347/347
f 248/347/347 266/350/350 48/351/351
f 48/351/351 266/350/350 45/352/352
f 44/353/353 43/354/354 270/355/355
f 270/355/355 43/354/354 269/356/356
f 141/357/357 140/358/358 161/359/359
f 161/359/359 140/358/358 271/360/360
f 161/359/359 271/360/360 272/361/361
f 272/361/361 273/362/362 161/359/359
f 161/359/359 273/362/362 274/363/363
f 161/359/359 274/363/363 290/364/364
f 290/364/364 274/363/363 275/365/365
f 290/364/364 275/365/365 276/366/366
f 276/366/366 277/367/367 290/364/364
f 290/364/364 277/367/367 278/368/368
f 290/364/364 278/368/368 279/369/369
f 279/369/369 280/370/370 290/364/364
f 290/364/364 280/370/370 289/371/371
f 289/371/371 280/370/370 281/372/372
f 289/371/371 281/372/372 282/373/373
f 282/373/373 283/374/374 289/371/371
f 289/371/371 283/374/374 284/375/375
f 289/371/371 284/375/375 285/376/376
f 289/371/371 285/376/376 270/377/377
f 270/377/377 285/376/376 286/378/378
f 270/377/377 286/378/378 287/379/379
f 287/379/379 288/380/380 270/377/377
f 270/377/377 288/380/380 44/381/381
f 44/381/381 288/380/380 41/382/382
f 40/383/383 39/384/384 292/385/385
f 292/385/385 39/384/384 291/386/386
f 145/387/387 144/388/388 163/389/389
f 163/389/389 144/388/388 293/390/390
f 163/389/389 293/390/390 294/391/391
f 294/391/391 295/392/392 163/389/389
f 163/389/389 295/392/392 296/393/393
f 163/389/389 296/393/393 312/394/394
f 312/394/394 296/393/393 297/395/395
f 312/394/394 297/395/395 298/396/396
f 298/396/396 299/397/397 312/394/394
f 312/394/394 299/397/397 300/398/398
f 312/394/394 300/398/398 301/399/399
f 301/399/399 302/400/400 312/394/394
f 312/394/394 302/400/400 311/401/401
f 311/401/401 302/400/400 303/402/402
f 311/401/401 303/402/402 304/403/403
f 304/403/403 305/404/404 311/401/401
f 311/401/401 305/404/404 306/405/405
f 311/401/401 306/405/405 307/406/406
f 311/401/401 307/406/406 292/407/407
f 292/407/407 307/406/406 308/408/408
f 292/407/407 308/408/408 309/409/409
f 309/409/409 310/410/410 292/407/407
f 292/407/407 310/410/410 40/411/411
f 40/411/411 310/410/410 37/412/412
f 117/413/413 336/414/414 94/415/415
f 94/415/415 336/414/414 313/416/416
f 94/417/415 313/418/416 95/419/417
f 95/419/417 313/418/416 314/420/418
f 95/419/417 314/420/418 96/421/419
f 96/421/419 314/420/418 315/422/420
f 96/421/419 315/422/420 97/423/421
f 97/423/421 315/422/420 316/424/422
f 97/423/421 316/424/422 98/425/423
f 98/425/423 316/424/422 317/426/424
f 98/425/423 317/426/424 99/427/425
f 99/427/425 317/426/424 318/428/426
f 99/427/425 318/428/426 100/429/427
f 100/429/427 318/428/426 319/430/428
f 100/429/427 319/430/428 101/431/429
f 101/431/429 319/430/428 320/432/430
f 101/431/429 320/432/430 102/433/431
f 102/433/431 320/432/430 321/434/432
f 102/433/431 321/434/432 103/435/433
f 103/435/433 321/434/432 322/436/434
f 103/435/433 322/436/434 104/437/435
f 104/437/435 322/436/434 323/438/436
f 104/437/435 323/438/436 105/439/437
f 105/439/437 323/438/436 324/440/438
f 105/439/437 324/440/438 106/441/439
f 106/441/439 324/440/438 325/442/440
f 106/441/439 325/442/440 107/443/441
f 107/443/441 325/442/440 326/444/442
f 107/443/441 326/444/442 108/445/443
f 108/445/443 326/444/442 327/446/444
f 108/445/443 327/446/444 109/447/445
f 109/447/445 327/446/444 328/448/446
f 109/447/445 328/448/446 110/449/447
f 110/449/447 328/448/446 329/450/448
f 110/449/447 329/450/448 111/451/449
f 111/451/449 329/450/448 330/452/450
f 111/451/449 330/452/450 112/453/451
f 112/453/451 330/452/450 331/454/452
f 112/453/451 331/454/452 113/455/453
f 113/455/453 331/454/452 332/456/454
f 113/455/453 332/456/454 114/457/455
f 114/457/455 332/456/454 333/458/456
f 114/457/455 333/458/456 115/459/457
f 115/459/457 333/458/456 334/460/458
f 115/459/457 334/460/458 116/461/459
f 116/461/459 334/460/458 335/462/460
f 116/461/459 335/462/460 117/413/413
f 117/413/413 335/462/460 336/414/414
f 93/463/461 348/464/462 70/465/463
f 70/465/463 348/464/462 349/466/464
f 70/467/463 349/468/464 71/469/465
f 71/469/465 349/468/464 350/470/466
f 71/469/465 350/470/466 72/471/467
f 72/471/467 350/470/466 351/472/468
f 72/471/467 351/472/468 73/473/469
f 73/473/469 351/472/468 352/474/470
f 73/473/469 352/474/470 74/475/471
f 74/475/471 352/474/470 353/476/472
f 74/475/471 353/476/472 75/477/473
f 75/477/473 353/476/472 354/478/474
f 75/477/473 354/478/474 76/479/475
f 76/479/475 354/478/474 355/480/476
f 76/479/475 355/480/476 77/481/477
f 77/481/477 355/480/476 356/482/478
f 77/481/477 356/482/478 78/483/479
f 78/483/479 356/482/478 357/484/480
f 78/483/479 357/484/480 79/485/481
f 79/485/481 357/484/480 358/486/482
f 79/485/481 358/486/482 80/487/483
f 80/487/483 358/486/482 359/488/484
f 80/487/483 359/488/484 81/489/485
f 81/489/485 359/488/484 360/490/486
f 81/489/485 360/490/486 82/491/487
f 82/491/487 360/490/486 337/492/488
f 82/491/487 337/492/488 83/493/489
f 83/493/489 337/492/488 338/494/490
f 83/493/489 338/494/490 84/495/491
f 84/495/491 338/494/490 339/496/492
f 84/495/491 339/496/492 85/497/493
f 85/497/493 339/496/492 340/498/494
f 85/497/493 340/498/494 86/499/495
f 86/499/495 340/498/494 341/500/496
f 86/499/495 341/500/496 87/501/497
f 87/501/497 341/500/496 342/502/498
f 87/501/497 342/502/498 88/503/499
f 88/503/499 342/502/498 343/504/500
f 88/503/499 343/504/500 89/505/501
f 89/505/501 343/504/500 344/506/502
f 89/505/501 344/506/502 90/507/503
f 90/507/503 344/506/502 345/508/504
f 90/507/503 345/508/504 91/509/505
f 91/509/505 345/508/504 346/510/506
f 91/509/505 346/510/506 92/511/507
f 92/511/507 346/510/506 347/512/508
f 92/511/507 347/512/508 93/463/461
f 93/463/461 347/512/508 348/464/462
f 360/513/509 350/514/510 337/515/511
f 337/515/511 350/514/510 349/516/512
f 337/515/511 349/516/512 338/517/513
f 338/517/513 349/516/512 348/518/514
f 338/517/513 348/518/514 339/519/515
f 339/519/515 348/518/514 347/520/516
f 339/519/515 347/520/516 340/521/517
f 340/521/517 347/520/516 346/522/518
f 340/521/517 346/522/518 341/523/519
f 341/523/519 346/522/518 345/524/520
f 341/523/519 345/524/520 342/525/521
f 342/525/521 345/524/520 344/526/522
f 342/525/521 344/526/522 343/527/523
f 350/514/510 360/513/509 351/528/524
f 351/528/524 360/513/509 359/529/525
f 351/528/524 359/529/525 352/530/526
f 352/530/526 359/529/525 358/531/527
f 352/530/526 358/531/527 353/532/528
f 353/532/528 358/531/527 357/533/529
f 353/532/528 357/533/529 354/534/530
f 354/534/530 357/533/529 356/535/531
f 354/534/530 356/535/531 355/536/532
f 118/537/533 395/538/534 15/539/535
f 15/539/535 395/538/534 410/540/536
f 15/539/535 410/540/536 411/541/537
f 411/541/537 410/540/536 375/542/538
f 411/541/537 375/542/538 376/543/539
f 395/538/534 118/537/533 394/544/540
f 394/544/540 118/537/533 152/545/541
f 394/544/540 152/545/541 393/546/542
f 393/546/542 152/545/541 151/547/543
f 393/546/542 151/547/543 392/548/544
f 392/548/544 151/547/543 150/549/545
f 392/548/544 150/549/545 391/550/546
f 391/550/546 150/549/545 149/551/547
f 391/550/546 149/551/547 390/552/548
f 390/552/548 149/551/547 148/553/549
f 390/552/548 148/553/549 389/554/550
f 389/554/550 148/553/549 147/555/551
f 389/554/550 147/555/551 388/556/552
f 388/556/552 147/555/551 61/557/553
f 388/556/552 61/557/553 387/558/554
f 387/558/554 61/557/553 22/559/555
f 387/558/554 22/559/555 413/560/556
f 413/560/556 22/559/555 412/561/557
f 413/560/556 412/561/557 382/562/558
f 382/562/558 412/561/557 381/563/559
f 381/563/559 412/561/557 414/564/560
f 381/563/559 414/564/560 380/565/561
f 380/565/561 414/564/560 415/566/562
f 380/565/561 415/566/562 379/567/563
f 379/567/563 415/566/562 416/568/564
f 379/567/563 416/568/564 378/569/565
f 378/569/565 416/568/564 417/570/566
f 378/569/565 417/570/566 377/571/567
f 377/571/567 417/570/566 418/572/568
f 377/571/567 418/572/568 376/543/539
f 376/543/539 418/572/568 411/541/537
f 22/559/555 21/573/569 412/561/557
f 412/561/557 21/573/569 414/564/560
f 21/573/569 20/574/570 414/564/560
f 414/564/560 20/574/570 415/566/562
f 20/574/570 19/575/571 415/566/562
f 415/566/562 19/575/571 416/568/564
f 19/575/571 18/576/572 416/568/564
f 416/568/564 18/576/572 417/570/566
f 18/576/572 17/577/573 417/570/566
f 417/570/566 17/577/573 418/572/568
f 17/577/573 16/578/574 418/572/568
f 418/572/568 16/578/574 411/541/537
f 16/578/574 15/539/535 411/541/537
f 11/579/575 399/580/576 35/581/577
f 35/581/577 399/580/576 400/582/578
f 35/581/577 400/582/578 68/583/579
f 68/583/579 400/582/578 69/584/580
f 69/584/580 400/582/578 401/585/581
f 69/584/580 401/585/581 5/586/582
f 5/586/582 401/585/581 6/587/583
f 6/587/583 401/585/581 421/588/584
f 6/587/583 421/588/584 9/589/585
f 9/589/585 421/588/584 419/590/586
f 9/589/585 419/590/586 10/591/587
f 10/591/587 419/590/586 11/579/575
f 11/579/575 419/590/586 420/592/588
f 11/579/575 420/592/588 399/580/576
f 399/580/576 420/592/588 398/593/589
f 398/593/589 420/592/588 430/594/590
f 398/593/589 430/594/590 397/595/591
f 397/595/591 430/594/590 409/596/592
f 397/597/591 409/598/592 396/599/593
f 396/599/593 409/598/592 431/600/594
f 396/599/593 431/600/594 395/538/534
f 395/538/534 431/600/594 410/540/536
f 14/601/595 423/602/596 1/603/597
f 1/603/597 423/602/596 405/604/598
f 1/603/597 405/604/598 2/605/599
f 2/605/599 405/604/598 66/606/600
f 66/606/600 405/604/598 406/607/601
f 66/606/600 406/607/601 67/608/602
f 67/608/602 406/607/601 36/609/603
f 36/609/603 406/607/601 407/610/604
f 36/609/603 407/610/604 12/611/605
f 12/611/605 407/610/604 424/612/606
f 12/611/605 424/612/606 422/613/607
f 422/613/607 424/612/606 363/614/608
f 422/613/607 363/614/608 364/615/609
f 423/602/596 14/601/595 422/613/607
f 422/613/607 14/601/595 13/616/610
f 422/613/607 13/616/610 12/611/605
f 362/617/611 425/618/612 361/619/613
f 361/619/613 425/618/612 426/620/614
f 361/619/613 426/620/614 384/621/615
f 384/621/615 426/620/614 432/622/616
f 384/621/615 432/622/616 383/623/617
f 383/623/617 432/622/616 413/560/556
f 383/623/617 413/560/556 382/562/558
f 425/618/612 362/617/611 424/612/606
f 424/612/606 362/617/611 363/614/608
f 422/613/607 364/615/609 423/602/596
f 423/602/596 364/615/609 365/624/618
f 423/602/596 365/624/618 427/625/619
f 427/625/619 365/624/618 366/626/620
f 427/625/619 366/626/620 428/627/621
f 428/627/621 366/626/620 367/628/622
f 428/627/621 367/628/622 429/629/623
f 429/629/623 367/628/622 368/630/624
f 429/629/623 368/630/624 421/588/584
f 421/588/584 368/630/624 369/631/625
f 421/588/584 369/631/625 419/590/586
f 419/590/586 369/631/625 370/632/626
f 419/590/586 370/632/626 420/592/588
f 420/592/588 370/632/626 371/633/627
f 420/592/588 371/633/627 430/594/590
f 430/594/590 371/633/627 372/634/628
f 430/594/590 372/634/628 409/596/592
f 409/596/592 372/634/628 373/635/629
f 409/598/592 373/636/629 431/600/594
f 431/600/594 373/636/629 374/637/630
f 431/600/594 374/637/630 410/540/536
f 410/540/536 374/637/630 375/542/538
f 386/638/631 432/622/616 385/639/632
f 385/639/632 432/622/616 426/620/614
f 385/639/632 426/620/614 408/640/633
f 408/640/633 426/620/614 425/618/612
f 408/640/633 425/618/612 407/610/604
f 407/610/604 425/618/612 424/612/606
f 432/622/616 386/638/631 413/560/556
f 413/560/556 386/638/631 387/558/554
f 421/588/584 401/585/581 429/629/623
f 429/629/623 401/585/581 402/641/634
f 429/629/623 402/641/634 428/627/621
f 428/627/621 402/641/634 403/642/635
f 428/627/621 403/642/635 427/625/619
f 427/625/619 403/642/635 404/643/636
f 427/625/619 404/643/636 423/602/596
f 423/602/596 404/643/636 405/604/598
f 336/644/637 403/645/638 313/646/639
f 313/646/639 403/645/638 402/647/640
f 313/646/639 402/647/640 314/648/641
f 314/648/641 402/647/640 401/649/642
f 314/648/641 401/649/642 315/650/643
f 315/650/643 401/649/642 400/651/644
f 315/650/643 400/651/644 316/652/645
f 316/652/645 400/651/644 399/653/646
f 316/652/645 399/653/646 317/654/647
f 317/654/647 399/653/646 398/655/648
f 317/654/647 398/655/648 318/656/649
f 318/656/649 398/655/648 397/657/650
f 318/656/649 397/657/650 319/658/651
f 319/658/651 397/657/650 396/659/652
f 319/658/651 396/659/652 320/660/653
f 320/660/653 396/659/652 395/661/654
f 320/660/653 395/661/654 321/662/655
f 321/662/655 395/661/654 394/663/656
f 321/662/655 394/663/656 322/664/657
f 322/664/657 394/663/656 393/665/658
f 322/664/657 393/665/658 323/666/659
f 323/666/659 393/665/658 324/667/660
f 324/667/660 393/665/658 392/668/661
f 324/667/660 392/668/661 325/669/662
f 325/669/662 392/668/661 391/670/663
f 325/669/662 391/670/663 326/671/664
f 326/671/664 391/670/663 390/672/665
f 326/671/664 390/672/665 327/673/666
f 327/673/666 390/672/665 389/674/667
f 327/673/666 389/674/667 328/675/668
f 328/675/668 389/674/667 388/676/669
f 328/675/668 388/676/669 329/677/670
f 329/677/670 388/676/669 387/678/671
f 329/677/670 387/678/671 330/679/672
f 330/679/672 387/678/671 386/680/673
f 330/679/672 386/680/673 331/681/674
f 331/681/674 386/680/673 385/682/675
f 331/681/674 385/682/675 332/683/676
f 332/683/676 385/682/675 408/684/677
f 332/683/676 408/684/677 333/685/678
f 333/685/678 408/684/677 407/686/679
f 333/685/678 407/686/679 334/687/680
f 334/687/680 407/686/679 406/688/681
f 334/687/680 406/688/681 335/689/682
f 335/689/682 406/688/681 405/690/683
f 335/689/682 405/690/683 404/691/684
f 403/645/638 336/644/637 404/691/684
f 404/691/684 336/644/637 335/689/682
f 123/692/685 433/693/686 124/694/687
f 124/694/687 433/693/686 176/695/688
f 176/695/688 433/693/686 434/696/689
f 176/695/688 434/696/689 177/697/690
f 177/697/690 434/696/689 435/698/691
f 177/697/690 435/698/691 178/699/692
f 178/699/692 435/698/691 436/700/693
f 178/699/692 436/700/693 179/701/694
f 179/701/694 436/700/693 437/702/695
f 179/701/694 437/702/695 180/703/696
f 180/703/696 437/702/695 438/704/697
f 180/703/696 438/704/697 181/705/698
f 181/705/698 438/704/697 484/706/699
f 181/705/698 484/706/699 505/707/700
f 505/707/700 484/706/699 466/708/701
f 505/707/700 466/708/701 467/709/702
f 484/706/699 438/704/697 483/710/703
f 483/710/703 438/704/697 439/711/704
f 483/710/703 439/711/704 440/712/705
f 483/710/703 440/712/705 485/713/706
f 485/713/706 440/712/705 441/714/707
f 485/713/706 441/714/707 442/715/708
f 485/713/706 442/715/708 486/716/709
f 486/716/709 442/715/708 443/717/710
f 486/716/709 443/717/710 487/718/711
f 487/718/711 443/717/710 167/719/712
f 487/718/711 167/719/712 488/720/713
f 488/720/713 167/719/712 445/721/714
f 488/720/713 445/721/714 489/722/715
f 489/722/715 445/721/714 446/723/716
f 489/722/715 446/723/716 490/724/717
f 490/724/717 446/723/716 447/725/718
f 490/724/717 447/725/718 482/726/719
f 482/726/719 447/725/718 448/727/720
f 482/728/719 448/729/720 449/730/721
f 443/717/710 444/731/722 167/719/712
f 167/719/712 444/731/722 168/732/723
f 168/732/723 444/731/722 119/733/724
f 168/732/723 119/733/724 34/734/725
f 34/734/725 33/735/726 168/732/723
f 168/732/723 33/735/726 32/736/727
f 168/732/723 32/736/727 31/737/728
f 482/728/719 449/730/721 491/738/729
f 491/738/729 449/730/721 450/739/730
f 491/738/729 450/739/730 492/740/731
f 492/740/731 450/739/730 451/741/732
f 492/740/731 451/741/732 493/742/733
f 493/742/733 451/741/732 172/743/734
f 493/742/733 172/743/734 494/744/735
f 494/744/735 172/743/734 453/745/736
f 494/744/735 453/745/736 495/746/737
f 495/746/737 453/745/736 454/747/738
f 495/746/737 454/747/738 496/748/739
f 496/748/739 454/747/738 455/749/740
f 496/748/739 455/749/740 456/750/741
f 453/745/736 172/743/734 452/751/742
f 452/751/742 172/743/734 171/752/743
f 452/751/742 171/752/743 65/753/744
f 65/753/744 171/752/743 23/754/745
f 23/754/745 171/752/743 24/755/746
f 24/755/746 171/752/743 25/756/747
f 25/756/747 171/752/743 26/757/748
f 496/748/739 456/750/741 497/758/749
f 497/758/749 456/750/741 457/759/750
f 497/758/749 457/759/750 201/760/751
f 200/761/752 189/762/753 201/760/751
f 201/760/751 189/762/753 188/763/754
f 201/760/751 188/763/754 498/764/755
f 498/764/755 188/763/754 499/765/756
f 498/764/755 499/765/756 473/766/757
f 473/766/757 499/765/756 472/767/758
f 472/767/758 499/765/756 500/768/759
f 472/767/758 500/768/759 471/769/760
f 471/769/760 500/768/759 501/770/761
f 471/769/760 501/770/761 470/771/762
f 470/771/762 501/770/761 502/772/763
f 470/771/762 502/772/763 469/773/764
f 469/773/764 502/772/763 503/774/765
f 469/773/764 503/774/765 468/775/766
f 468/775/766 503/774/765 504/776/767
f 468/775/766 504/776/767 467/709/702
f 467/709/702 504/776/767 505/707/700
f 189/762/753 200/761/752 190/777/768
f 190/777/768 200/761/752 199/778/769
f 190/777/768 199/778/769 191/779/770
f 191/779/770 199/778/769 198/780/771
f 191/779/770 198/780/771 192/781/772
f 192/781/772 198/780/771 197/782/773
f 192/781/772 197/782/773 193/783/774
f 193/783/774 197/782/773 196/784/775
f 193/783/774 196/784/775 57/785/776
f 57/785/776 196/784/775 58/786/777
f 188/763/754 187/787/778 499/765/756
f 499/765/756 187/787/778 500/768/759
f 187/787/778 186/788/779 500/768/759
f 500/768/759 186/788/779 501/770/761
f 186/788/779 185/789/780 501/770/761
f 501/770/761 185/789/780 502/772/763
f 185/789/780 184/790/781 502/772/763
f 502/772/763 184/790/781 503/774/765
f 184/790/781 183/791/782 503/774/765
f 503/774/765 183/791/782 504/776/767
f 183/791/782 182/792/783 504/776/767
f 504/776/767 182/792/783 505/707/700
f 182/792/783 181/705/698 505/707/700
f 459/793/784 490/724/717 458/794/785
f 458/794/785 490/724/717 482/726/719
f 458/795/785 482/728/719 481/796/786
f 481/796/786 482/728/719 491/738/729
f 481/796/786 491/738/729 480/797/787
f 480/797/787 491/738/729 492/740/731
f 480/797/787 492/740/731 479/798/788
f 479/798/788 492/740/731 493/742/733
f 479/798/788 493/742/733 478/799/789
f 478/799/789 493/742/733 494/744/735
f 478/799/789 494/744/735 477/800/790
f 477/800/790 494/744/735 495/746/737
f 477/800/790 495/746/737 476/801/791
f 476/801/791 495/746/737 496/748/739
f 476/801/791 496/748/739 475/802/792
f 475/802/792 496/748/739 497/758/749
f 475/802/792 497/758/749 474/803/793
f 474/803/793 497/758/749 498/764/755
f 474/803/793 498/764/755 473/766/757
f 490/724/717 459/793/784 489/722/715
f 489/722/715 459/793/784 460/804/794
f 489/722/715 460/804/794 488/720/713
f 488/720/713 460/804/794 461/805/795
f 488/720/713 461/805/795 487/718/711
f 487/718/711 461/805/795 462/806/796
f 487/718/711 462/806/796 486/716/709
f 486/716/709 462/806/796 463/807/797
f 486/716/709 463/807/797 485/713/706
f 485/713/706 463/807/797 464/808/798
f 485/713/706 464/808/798 483/710/703
f 483/710/703 464/808/798 465/809/799
f 483/710/703 465/809/799 484/706/699
f 484/706/699 465/809/799 466/708/701
f 497/758/749 201/760/751 498/764/755
f 128/810/800 127/811/801 205/812/802
f 205/812/802 127/811/801 506/813/803
f 205/812/802 506/813/803 206/814/804
f 206/814/804 506/813/803 507/815/805
f 206/814/804 507/815/805 207/816/806
f 207/816/806 507/815/805 508/817/807
f 207/816/806 508/817/807 208/818/808
f 208/818/808 508/817/807 509/819/809
f 208/818/808 509/819/809 209/820/810
f 209/820/810 509/819/809 510/821/811
f 209/820/810 510/821/811 210/822/812
f 210/822/812 510/821/811 511/823/813
f 210/822/812 511/823/813 211/824/814
f 211/824/814 511/823/813 512/825/815
f 211/824/814 512/825/815 212/826/816
f 212/826/816 512/825/815 513/827/817
f 212/826/816 513/827/817 213/828/818
f 213/828/818 513/827/817 514/829/819
f 213/828/818 514/829/819 515/830/820
f 213/828/818 515/830/820 214/831/821
f 214/831/821 515/830/820 516/832/822
f 214/831/821 516/832/822 215/833/823
f 215/833/823 516/832/822 517/834/824
f 215/833/823 517/834/824 216/835/825
f 216/835/825 517/834/824 518/836/826
f 216/835/825 518/836/826 217/837/827
f 217/837/827 518/836/826 519/838/828
f 217/837/827 519/838/828 218/839/829
f 218/839/829 519/838/828 520/840/830
f 218/839/829 520/840/830 219/841/831
f 219/841/831 520/840/830 521/842/832
f 219/841/831 521/842/832 220/843/833
f 220/843/833 521/842/832 522/844/834
f 220/843/833 522/844/834 221/845/835
f 221/845/835 522/844/834 523/846/836
f 221/845/835 523/846/836 222/847/837
f 222/847/837 523/846/836 54/848/838
f 222/847/837 54/848/838 53/849/839
f 132/850/840 131/851/841 227/852/842
f 227/852/842 131/851/841 524/853/843
f 227/852/842 524/853/843 228/854/844
f 228/854/844 524/853/843 525/855/845
f 228/854/844 525/855/845 229/856/846
f 229/856/846 525/855/845 526/857/847
f 229/856/846 526/857/847 230/858/848
f 230/858/848 526/857/847 527/859/849
f 230/858/848 527/859/849 231/860/850
f 231/860/850 527/859/849 528/861/851
f 231/860/850 528/861/851 232/862/852
f 232/862/852 528/861/851 529/863/853
f 232/862/852 529/863/853 233/864/854
f 233/864/854 529/863/853 530/865/855
f 233/864/854 530/865/855 234/866/856
f 234/866/856 530/865/855 531/867/857
f 234/866/856 531/867/857 235/868/858
f 235/868/858 531/867/857 532/869/859
f 235/868/858 532/869/859 533/870/860
f 235/868/858 533/870/860 236/871/861
f 236/871/861 533/870/860 534/872/862
f 236/871/861 534/872/862 237/873/863
f 237/873/863 534/872/862 535/874/864
f 237/873/863 535/874/864 238/875/865
f 238/875/865 535/874/864 536/876/866
f 238/875/865 536/876/866 239/877/867
f 239/877/867 536/876/866 537/878/868
f 239/877/867 537/878/868 240/879/869
f 240/879/869 537/878/868 538/880/870
f 240/879/869 538/880/870 241/881/871
f 241/881/871 538/880/870 539/882/872
f 241/881/871 539/882/872 242/883/873
f 242/883/873 539/882/872 540/884/874
f 242/883/873 540/884/874 243/885/875
f 243/885/875 540/884/874 541/886/876
f 243/885/875 541/886/876 244/887/877
f 244/887/877 541/886/876 50/888/878
f 244/887/877 50/888/878 49/889/879
f 136/890/880 135/891/881 249/892/882
f 249/892/882 135/891/881 542/893/883
f 249/892/882 542/893/883 250/894/884
f 250/894/884 542/893/883 543/895/885
f 250/894/884 543/895/885 251/896/886
f 251/896/886 543/895/885 544/897/887
f 251/896/886 544/897/887 252/898/888
f 252/898/888 544/897/887 545/899/889
f 252/898/888 545/899/889 253/900/890
f 253/900/890 545/899/889 546/901/891
f 253/900/890 546/901/891 254/902/892
f 254/902/892 546/901/891 547/903/893
f 254/902/892 547/903/893 255/904/894
f 255/904/894 547/903/893 548/905/895
f 255/904/894 548/905/895 256/906/896
f 256/906/896 548/905/895 549/907/897
f 256/906/896 549/907/897 257/908/898
f 257/908/898 549/907/897 550/909/899
f 257/908/898 550/909/899 551/910/900
f 257/908/898 551/910/900 258/911/901
f 258/911/901 551/910/900 552/912/902
f 258/911/901 552/912/902 259/913/903
f 259/913/903 552/912/902 553/914/904
f 259/913/903 553/914/904 260/915/905
f 260/915/905 553/914/904 554/916/906
f 260/915/905 554/916/906 261/917/907
f 261/917/907 554/916/906 555/918/908
f 261/917/907 555/918/908 262/919/909
f 262/919/909 555/918/908 556/920/910
f 262/919/909 556/920/910 263/921/911
f 263/921/911 556/920/910 557/922/912
f 263/921/911 557/922/912 264/923/913
f 264/923/913 557/922/912 558/924/914
f 264/923/913 558/924/914 265/925/915
f 265/925/915 558/924/914 559/926/916
f 265/925/915 559/926/916 266/927/917
f 266/927/917 559/926/916 46/928/918
f 266/927/917 46/928/918 45/929/919
f 140/930/920 139/931/921 271/932/922
f 271/932/922 139/931/921 560/933/923
f 271/932/922 560/933/923 272/934/924
f 272/934/924 560/933/923 561/935/925
f 272/934/924 561/935/925 273/936/926
f 273/936/926 561/935/925 562/937/927
f 273/936/926 562/937/927 274/938/928
f 274/938/928 562/937/927 563/939/929
f 274/938/928 563/939/929 275/940/930
f 275/940/930 563/939/929 564/941/931
f 275/940/930 564/941/931 276/942/932
f 276/942/932 564/941/931 565/943/933
f 276/942/932 565/943/933 277/944/934
f 277/944/934 565/943/933 566/945/935
f 277/944/934 566/945/935 278/946/936
f 278/946/936 566/945/935 567/947/937
f 278/946/936 567/947/937 279/948/938
f 279/948/938 567/947/937 568/949/939
f 279/948/938 568/949/939 569/950/940
f 279/948/938 569/950/940 280/951/941
f 280/951/941 569/950/940 570/952/942
f 280/951/941 570/952/942 281/953/943
f 281/953/943 570/952/942 571/954/944
f 281/953/943 571/954/944 282/955/945
f 282/955/945 571/954/944 572/956/946
f 282/955/945 572/956/946 283/957/947
f 283/957/947 572/956/946 573/958/948
f 283/957/947 573/958/948 284/959/949
f 284/959/949 573/958/948 574/960/950
f 284/959/949 574/960/950 285/961/951
f 285/961/951 574/960/950 575/962/952
f 285/961/951 575/962/952 286/963/953
f 286/963/953 575/962/952 576/964/954
f 286/963/953 576/964/954 287/965/955
f 287/965/955 576/964/954 577/966/956
f 287/965/955 577/966/956 288/967/957
f 288/967/957 577/966/956 42/968/958
f 288/967/957 42/968/958 41/969/959
f 621/970/960 578/971/961 620/972/962
f 620/972/962 578/971/961 579/973/963
f 620/972/962 579/973/963 619/974/964
f 619/974/964 579/973/963 580/975/965
f 619/974/964 580/975/965 618/976/966
f 618/976/966 580/975/965 581/977/967
f 618/976/966 581/977/967 617/978/968
f 617/978/968 581/977/967 582/979/969
f 617/978/968 582/979/969 616/980/970
f 616/980/970 582/979/969 583/981/971
f 616/980/970 583/981/971 615/982/972
f 615/982/972 583/981/971 584/983/973
f 615/982/972 584/983/973 614/984/974
f 614/984/974 584/983/973 585/985/975
f 614/984/974 585/985/975 613/986/976
f 613/986/976 585/985/975 586/987/977
f 613/986/976 586/987/977 612/988/978
f 612/988/978 586/987/977 587/989/979
f 612/988/978 587/989/979 611/990/980
f 611/990/980 587/989/979 588/991/981
f 611/990/980 588/991/981 610/992/982
f 610/992/982 588/991/981 589/993/983
f 610/992/982 589/993/983 609/994/984
f 609/994/984 589/993/983 590/995/985
f 609/994/984 590/995/985 608/996/986
f 608/996/986 590/995/985 591/997/987
f 608/996/986 591/997/987 607/998/988
f 607/998/988 591/997/987 592/999/989
f 607/998/988 592/999/989 606/1000/990
f 606/1000/990 592/999/989 593/1001/991
f 606/1000/990 593/1001/991 605/1002/992
f 605/1002/992 593/1001/991 594/1003/993
f 605/1002/992 594/1003/993 604/1004/994
f 604/1004/994 594/1003/993 595/1005/995
f 604/1004/994 595/1005/995 603/1006/996
f 603/1006/996 595/1005/995 596/1007/997
f 603/1006/996 596/1007/997 602/1008/998
f 602/1008/998 596/1007/997 597/1009/999
f 602/1008/998 597/1009/999 601/1010/1000
f 601/1010/1000 597/1009/999 598/1011/1001
f 601/1010/1000 598/1011/1001 600/1012/1002
f 600/1012/1002 598/1011/1001 599/1013/1003
f 144/1014/1004 143/1015/1005 293/1016/1006
f 293/1016/1006 143/1015/1005 622/1017/1007
f 293/1016/1006 622/1017/1007 294/1018/1008
f 294/1018/1008 622/1017/1007 623/1019/1009
f 294/1018/1008 623/1019/1009 295/1020/1010
f 295/1020/1010 623/1019/1009 624/1021/1011
f 295/1020/1010 624/1021/1011 296/1022/1012
f 296/1022/1012 624/1021/1011 625/1023/1013
f 296/1022/1012 625/1023/1013 297/1024/1014
f 297/1024/1014 625/1023/1013 626/1025/1015
f 297/1024/1014 626/1025/1015 298/1026/1016
f 298/1026/1016 626/1025/1015 627/1027/1017
f 298/1026/1016 627/1027/1017 299/1028/1018
f 299/1028/1018 627/1027/1017 628/1029/1019
f 299/1028/1018 628/1029/1019 300/1030/1020
f 300/1030/1020 628/1029/1019 629/1031/1021
f 300/1030/1020 629/1031/1021 301/1032/1022
f 301/1032/1022 629/1031/1021 630/1033/1023
f 301/1032/1022 630/1033/1023 631/1034/1024
f 301/1032/1022 631/1034/1024 302/1035/1025
f 302/1035/1025 631/1034/1024 632/1036/1026
f 302/1035/1025 632/1036/1026 303/1037/1027
f 303/1037/1027 632/1036/1026 633/1038/1028
f 303/1037/1027 633/1038/1028 304/1039/1029
f 304/1039/1029 633/1038/1028 634/1040/1030
f 304/1039/1029 634/1040/1030 305/1041/1031
f 305/1041/1031 634/1040/1030 635/1042/1032
f 305/1041/1031 635/1042/1032 306/1043/1033
f 306/1043/1033 635/1042/1032 636/1044/1034
f 306/1043/1033 636/1044/1034 307/1045/1035
f 307/1045/1035 636/1044/1034 637/1046/1036
f 307/1045/1035 637/1046/1036 308/1047/1037
f 308/1047/1037 637/1046/1036 638/1048/1038
f 308/1047/1037 638/1048/1038 309/1049/1039
f 309/1049/1039 638/1048/1038 639/1050/1040
f 309/1049/1039 639/1050/1040 310/1051/1041
f 310/1051/1041 639/1050/1040 38/1052/1042
f 310/1051/1041 38/1052/1042 37/1053/1043
f 384/1054/1044 477/1055/1045 361/1056/1046
f 361/1056/1046 477/1055/1045 476/1057/1047
f 361/1056/1046 476/1057/1047 475/1058/1048
f 477/1055/1045 384/1054/1044 478/1059/1049
f 478/1059/1049 384/1054/1044 383/1060/1050
f 478/1059/1049 383/1060/1050 479/1061/1051
f 479/1061/1051 383/1060/1050 382/1062/1052
f 479/1061/1051 382/1062/1052 480/1063/1053
f 480/1063/1053 382/1062/1052 381/1064/1054
f 480/1063/1053 381/1064/1054 481/1065/1055
f 481/1065/1055 381/1064/1054 380/1066/1056
f 481/1065/1055 380/1066/1056 458/1067/1057
f 458/1067/1057 380/1066/1056 379/1068/1058
f 458/1067/1057 379/1068/1058 459/1069/1059
f 459/1069/1059 379/1068/1058 378/1070/1060
f 459/1069/1059 378/1070/1060 377/1071/1061
f 459/1069/1059 377/1071/1061 460/1072/1062
f 460/1072/1062 377/1071/1061 376/1073/1063
f 460/1072/1062 376/1073/1063 461/1074/1064
f 461/1074/1064 376/1073/1063 375/1075/1065
f 461/1074/1064 375/1075/1065 462/1076/1066
f 462/1076/1066 375/1075/1065 374/1077/1067
f 462/1076/1066 374/1077/1067 463/1078/1068
f 463/1078/1068 374/1077/1067 373/1079/1069
f 463/1078/1068 373/1079/1069 464/1080/1070
f 464/1080/1070 373/1079/1069 465/1081/1071
f 465/1081/1071 373/1079/1069 372/1082/1072
f 465/1081/1071 372/1082/1072 466/1083/1073
f 466/1083/1073 372/1082/1072 371/1084/1074
f 466/1083/1073 371/1084/1074 467/1085/1075
f 467/1085/1075 371/1084/1074 370/1086/1076
f 467/1085/1075 370/1086/1076 468/1087/1077
f 468/1087/1077 370/1086/1076 369/1088/1078
f 468/1087/1077 369/1088/1078 469/1089/1079
f 469/1089/1079 369/1088/1078 368/1090/1080
f 469/1089/1079 368/1090/1080 470/1091/1081
f 470/1091/1081 368/1090/1080 367/1092/1082
f 470/1091/1081 367/1092/1082 366/1093/1083
f 470/1091/1081 366/1093/1083 471/1094/1084
f 471/1094/1084 366/1093/1083 365/1095/1085
f 471/1094/1084 365/1095/1085 472/1096/1086
f 472/1096/1086 365/1095/1085 364/1097/1087
f 472/1096/1086 364/1097/1087 473/1098/1088
f 473/1098/1088 364/1097/1087 363/1099/1089
f 473/1098/1088 363/1099/1089 474/1100/1090
f 474/1100/1090 363/1099/1089 362/1101/1091
f 474/1100/1090 362/1101/1091 475/1058/1048
f 475/1058/1048 362/1101/1091 361/1056/1046
f 146/1102/1092 164/1103/1093 143/1104/1094
f 143/1104/1094 164/1103/1093 622/1105/1095
f 622/1105/1095 164/1103/1093 623/1106/1096
f 623/1106/1096 164/1103/1093 624/1107/1097
f 624/1107/1097 164/1103/1093 625/1108/1098
f 625/1108/1098 164/1103/1093 640/1109/1099
f 625/1108/1098 640/1109/1099 626/1110/1100
f 626/1110/1100 640/1109/1099 627/1111/1101
f 627/1111/1101 640/1109/1099 628/1112/1102
f 628/1112/1102 640/1109/1099 629/1113/1103
f 629/1113/1103 640/1109/1099 630/1114/1104
f 630/1114/1104 640/1109/1099 631/1115/1105
f 631/1115/1105 640/1109/1099 641/1116/1106
f 631/1115/1105 641/1116/1106 632/1117/1107
f 632/1117/1107 641/1116/1106 633/1118/1108
f 633/1118/1108 641/1116/1106 634/1119/1109
f 634/1119/1109 641/1116/1106 635/1120/1110
f 635/1120/1110 641/1116/1106 636/1121/1111
f 636/1121/1111 641/1116/1106 291/1122/1112
f 636/1121/1111 291/1122/1112 637/1123/1113
f 637/1123/1113 291/1122/1112 638/1124/1114
f 638/1124/1114 291/1122/1112 639/1125/1115
f 639/1125/1115 291/1122/1112 39/1126/1116
f 639/1125/1115 39/1126/1116 38/1127/1117
f 621/1128/1118 620/1129/1119 645/1130/1120
f 645/1130/1120 620/1129/1119 619/1131/1121
f 645/1130/1120 619/1131/1121 618/1132/1122
f 618/1132/1122 617/1133/1123 645/1130/1120
f 645/1130/1120 617/1133/1123 616/1134/1124
f 645/1130/1120 616/1134/1124 644/1135/1125
f 644/1135/1125 616/1134/1124 615/1136/1126
f 644/1135/1125 615/1136/1126 614/1137/1127
f 614/1137/1127 613/1138/1128 644/1135/1125
f 644/1135/1125 613/1138/1128 612/1139/1129
f 644/1135/1125 612/1139/1129 611/1140/1130
f 611/1140/1130 610/1141/1131 644/1135/1125
f 644/1135/1125 610/1141/1131 643/1142/1132
f 643/1142/1132 610/1141/1131 609/1143/1133
f 643/1142/1132 609/1143/1133 608/1144/1134
f 608/1144/1134 607/1145/1135 643/1142/1132
f 643/1142/1132 607/1145/1135 606/1146/1136
f 643/1142/1132 606/1146/1136 605/1147/1137
f 643/1142/1132 605/1147/1137 642/1148/1138
f 642/1148/1138 605/1147/1137 604/1149/1139
f 642/1148/1138 604/1149/1139 603/1150/1140
f 603/1150/1140 602/1151/1141 642/1148/1138
f 642/1148/1138 602/1151/1141 601/1152/1142
f 642/1148/1138 601/1152/1142 600/1153/1143
f 600/1154/1144 599/1155/1145 642/1156/1146
f 642/1156/1146 599/1155/1145 646/1157/1147
f 142/1158/1148 162/1159/1149 139/1160/1150
f 139/1160/1150 162/1159/1149 560/1161/1151
f 560/1161/1151 162/1159/1149 561/1162/1152
f 561/1162/1152 162/1159/1149 562/1163/1153
f 562/1163/1153 162/1159/1149 563/1164/1154
f 563/1164/1154 162/1159/1149 647/1165/1155
f 563/1164/1154 647/1165/1155 564/1166/1156
f 564/1166/1156 647/1165/1155 565/1167/1157
f 565/1167/1157 647/1165/1155 566/1168/1158
f 566/1168/1158 647/1165/1155 567/1169/1159
f 567/1169/1159 647/1165/1155 568/1170/1160
f 568/1170/1160 647/1165/1155 569/1171/1161
f 569/1171/1161 647/1165/1155 648/1172/1162
f 569/1171/1161 648/1172/1162 570/1173/1163
f 570/1173/1163 648/1172/1162 571/1174/1164
f 571/1174/1164 648/1172/1162 572/1175/1165
f 572/1175/1165 648/1172/1162 573/1176/1166
f 573/1176/1166 648/1172/1162 574/1177/1167
f 574/1177/1167 648/1172/1162 269/1178/1168
f 574/1177/1167 269/1178/1168 575/1179/1169
f 575/1179/1169 269/1178/1168 576/1180/1170
f 576/1180/1170 269/1178/1168 577/1181/1171
f 577/1181/1171 269/1178/1168 43/1182/1172
f 577/1181/1171 43/1182/1172 42/1183/1173
f 138/1184/1174 160/1185/1175 135/1186/1176
f 135/1186/1176 160/1185/1175 542/1187/1177
f 542/1187/1177 160/1185/1175 543/1188/1178
f 543/1188/1178 160/1185/1175 544/1189/1179
f 544/1189/1179 160/1185/1175 545/1190/1180
f 545/1190/1180 160/1185/1175 649/1191/1181
f 545/1190/1180 649/1191/1181 546/1192/1182
f 546/1192/1182 649/1191/1181 547/1193/1183
f 547/1193/1183 649/1191/1181 548/1194/1184
f 548/1194/1184 649/1191/1181 549/1195/1185
f 549/1195/1185 649/1191/1181 550/1196/1186
f 550/1196/1186 649/1191/1181 551/1197/1187
f 551/1197/1187 649/1191/1181 650/1198/1188
f 551/1197/1187 650/1198/1188 552/1199/1189
f 552/1199/1189 650/1198/1188 553/1200/1190
f 553/1200/1190 650/1198/1188 554/1201/1191
f 554/1201/1191 650/1198/1188 555/1202/1192
f 555/1202/1192 650/1198/1188 556/1203/1193
f 556/1203/1193 650/1198/1188 247/1204/1194
f 556/1203/1193 247/1204/1194 557/1205/1195
f 557/1205/1195 247/1204/1194 558/1206/1196
f 558/1206/1196 247/1204/1194 559/1207/1197
f 559/1207/1197 247/1204/1194 47/1208/1198
f 559/1207/1197 47/1208/1198 46/1209/1199
f 134/1210/1200 158/1211/1201 131/1212/1202
f 131/1212/1202 158/1211/1201 524/1213/1203
f 524/1213/1203 158/1211/1201 525/1214/1204
f 525/1214/1204 158/1211/1201 526/1215/1205
f 526/1215/1205 158/1211/1201 527/1216/1206
f 527/1216/1206 158/1211/1201 651/1217/1207
f 527/1216/1206 651/1217/1207 528/1218/1208
f 528/1218/1208 651/1217/1207 529/1219/1209
f 529/1219/1209 651/1217/1207 530/1220/1210
f 530/1220/1210 651/1217/1207 531/1221/1211
f 531/1221/1211 651/1217/1207 532/1222/1212
f 532/1222/1212 651/1217/1207 533/1223/1213
f 533/1223/1213 651/1217/1207 652/1224/1214
f 533/1223/1213 652/1224/1214 534/1225/1215
f 534/1225/1215 652/1224/1214 535/1226/1216
f 535/1226/1216 652/1224/1214 536/1227/1217
f 536/1227/1217 652/1224/1214 537/1228/1218
f 537/1228/1218 652/1224/1214 538/1229/1219
f 538/1229/1219 652/1224/1214 225/1230/1220
f 538/1229/1219 225/1230/1220 539/1231/1221
f 539/1231/1221 225/1230/1220 540/1232/1222
f 540/1232/1222 225/1230/1220 541/1233/1223
f 541/1233/1223 225/1230/1220 51/1234/1224
f 541/1233/1223 51/1234/1224 50/1235/1225
f 130/1236/1226 156/1237/1227 127/1238/1228
f 127/1238/1228 156/1237/1227 506/1239/1229
f 506/1239/1229 156/1237/1227 507/1240/1230
f 507/1240/1230 156/1237/1227 508/1241/1231
f 508/1241/1231 156/1237/1227 653/1242/1232
f 508/1241/1231 653/1242/1232 509/1243/1233
f 509/1243/1233 653/1242/1232 510/1244/1234
f 510/1244/1234 653/1242/1232 511/1245/1235
f 511/1245/1235 653/1242/1232 512/1246/1236
f 512/1246/1236 653/1242/1232 513/1247/1237
f 513/1247/1237 653/1242/1232 514/1248/1238
f 514/1248/1238 653/1242/1232 515/1249/1239
f 515/1249/1239 653/1242/1232 654/1250/1240
f 515/1249/1239 654/1250/1240 516/1251/1241
f 516/1251/1241 654/1250/1240 517/1252/1242
f 517/1252/1242 654/1250/1240 518/1253/1243
f 518/1253/1243 654/1250/1240 519/1254/1244
f 519/1254/1244 654/1250/1240 520/1255/1245
f 520/1255/1245 654/1250/1240 203/1256/1246
f 520/1255/1245 203/1256/1246 521/1257/1247
f 521/1257/1247 203/1256/1246 522/1258/1248
f 522/1258/1248 203/1256/1246 523/1259/1249
f 523/1259/1249 203/1256/1246 55/1260/1250
f 523/1259/1249 55/1260/1250 54/1261/1251
f 172/1262/1252 451/1263/1253 173/1264/1254
f 173/1264/1254 451/1263/1253 656/1265/1255
f 656/1265/1255 451/1263/1253 450/1266/1256
f 656/1265/1255 450/1266/1256 449/1267/1257
f 449/1267/1257 448/1268/1258 656/1265/1255
f 656/1265/1255 448/1268/1258 655/1269/1259
f 655/1269/1259 448/1268/1258 447/1270/1260
f 655/1269/1259 447/1270/1260 446/1271/1261
f 446/1271/1261 445/1272/1262 655/1269/1259
f 655/1269/1259 445/1272/1262 166/1273/1263
f 166/1273/1263 445/1272/1262 167/1274/1264
f 121/1275/1265 120/1276/1266 165/1277/1267
f 165/1277/1267 120/1276/1266 657/1278/1268
f 119/1279/1269 444/1280/1270 120/1281/1271
f 120/1281/1271 444/1280/1270 657/1282/1272
f 657/1282/1272 444/1280/1270 443/1283/1273
f 657/1282/1272 443/1283/1273 442/1284/1274
f 441/1285/1275 658/1286/1276 442/1284/1274
f 442/1284/1274 658/1286/1276 657/1282/1272
f 441/1287/1277 440/1288/1278 658/1289/1279
f 658/1289/1279 440/1288/1278 659/1290/1280
f 659/1290/1280 440/1288/1278 439/1291/1281
f 659/1290/1280 439/1291/1281 438/1292/1282
f 123/1293/1283 126/1294/1284 433/1295/1285
f 433/1295/1285 126/1294/1284 154/1296/1286
f 433/1295/1285 154/1296/1286 434/1297/1287
f 434/1297/1287 154/1296/1286 435/1298/1288
f 435/1298/1288 154/1296/1286 436/1299/1289
f 436/1299/1289 154/1296/1286 659/1300/1290
f 436/1299/1289 659/1300/1290 437/1301/1291
f 437/1301/1291 659/1300/1290 438/1302/1292
f 201/1303/1293 457/1304/1294 202/1305/1295
f 202/1305/1295 457/1304/1294 456/1306/1296
f 202/1305/1295 456/1306/1296 660/1307/1297
f 660/1307/1297 456/1306/1296 455/1308/1298
f 194/1309/1299 661/1310/1300 195/1311/1301
f 195/1311/1301 661/1310/1300 662/1312/1302
f 662/1313/1303 661/1314/1304 668/1315/1305
f 668/1315/1305 661/1314/1304 669/1316/1306
f 668/1315/1305 669/1316/1306 667/1317/1307
f 667/1317/1307 669/1316/1306 666/1318/1308
f 666/1318/1308 669/1316/1306 664/1319/1309
f 666/1318/1308 664/1319/1309 665/1320/1310
f 661/1314/1304 663/1321/1311 669/1316/1306
f 669/1316/1306 663/1321/1311 664/1319/1309
f 662/1322/1312 653/1323/1313 195/1324/1314
f 195/1324/1314 653/1323/1313 156/1325/1315
f 195/1324/1314 156/1325/1315 153/1326/1316
f 153/1326/1316 156/1325/1315 655/1327/1317
f 153/1326/1316 655/1327/1317 154/1328/1318
f 154/1328/1318 655/1327/1317 657/1329/1319
f 154/1328/1318 657/1329/1319 658/1330/1320
f 668/1331/1321 765/1332/1322 662/1322/1312
f 662/1322/1312 765/1332/1322 766/1333/1323
f 662/1322/1312 766/1333/1323 767/1334/1324
f 765/1332/1322 668/1331/1321 764/1335/1325
f 764/1335/1325 668/1331/1321 667/1336/1326
f 764/1335/1325 667/1336/1326 666/1337/1327
f 764/1335/1325 666/1337/1327 787/1338/1328
f 787/1338/1328 666/1337/1327 670/1339/1329
f 787/1338/1328 670/1339/1329 786/1340/1330
f 786/1340/1330 670/1339/1329 671/1341/1331
f 786/1340/1330 671/1341/1331 785/1342/1332
f 785/1342/1332 671/1341/1331 672/1343/1333
f 785/1342/1332 672/1343/1333 784/1344/1334
f 784/1344/1334 672/1343/1333 673/1345/1335
f 784/1344/1334 673/1345/1335 783/1346/1336
f 783/1346/1336 673/1345/1335 674/1347/1337
f 783/1346/1336 674/1347/1337 782/1348/1338
f 782/1348/1338 674/1347/1337 675/1349/1339
f 782/1348/1338 675/1349/1339 676/1350/1340
f 782/1348/1338 676/1350/1340 781/1351/1341
f 781/1351/1341 676/1350/1340 677/1352/1342
f 781/1351/1341 677/1352/1342 780/1353/1343
f 780/1353/1343 677/1352/1342 678/1354/1344
f 780/1353/1343 678/1354/1344 779/1355/1345
f 779/1355/1345 678/1354/1344 679/1356/1346
f 779/1355/1345 679/1356/1346 778/1357/1347
f 778/1357/1347 679/1356/1346 680/1358/1348
f 778/1357/1347 680/1358/1348 777/1359/1349
f 777/1359/1349 680/1358/1348 681/1360/1350
f 777/1359/1349 681/1360/1350 776/1361/1351
f 776/1361/1351 681/1360/1350 682/1362/1352
f 776/1361/1351 682/1362/1352 775/1363/1353
f 775/1363/1353 682/1362/1352 246/1364/1354
f 775/1363/1353 246/1364/1354 774/1365/1355
f 774/1365/1355 246/1364/1354 704/1366/1356
f 774/1365/1355 704/1366/1356 773/1367/1357
f 773/1367/1357 704/1366/1356 705/1368/1358
f 773/1367/1357 705/1368/1358 772/1369/1359
f 772/1369/1359 705/1368/1358 651/1370/1360
f 772/1369/1359 651/1370/1360 771/1371/1361
f 771/1371/1361 651/1370/1360 224/1372/1362
f 771/1371/1361 224/1372/1362 770/1373/1363
f 770/1373/1363 224/1372/1362 769/1374/1364
f 769/1374/1364 224/1372/1362 702/1375/1365
f 769/1374/1364 702/1375/1365 768/1376/1366
f 768/1376/1366 702/1375/1365 703/1377/1367
f 768/1376/1366 703/1377/1367 767/1334/1324
f 767/1334/1324 703/1377/1367 662/1322/1312
f 682/1362/1352 683/1378/1368 246/1364/1354
f 246/1364/1354 683/1378/1368 649/1379/1369
f 246/1364/1354 649/1379/1369 157/1380/1370
f 157/1380/1370 649/1379/1369 160/1381/1371
f 157/1380/1370 160/1381/1371 655/1327/1317
f 655/1327/1317 160/1381/1371 701/1382/1372
f 701/1382/1372 160/1381/1371 159/1383/1373
f 701/1382/1372 159/1383/1373 162/1384/1374
f 162/1384/1374 159/1383/1373 647/1385/1375
f 647/1385/1375 159/1383/1373 268/1386/1376
f 647/1385/1375 268/1386/1376 685/1387/1377
f 685/1387/1377 268/1386/1376 684/1388/1378
f 684/1388/1378 268/1386/1376 706/1389/1379
f 684/1388/1378 706/1389/1379 707/1390/1380
f 683/1378/1368 684/1388/1378 649/1379/1369
f 649/1379/1369 684/1388/1378 707/1390/1380
f 686/1391/1381 711/1392/1382 685/1387/1377
f 685/1387/1377 711/1392/1382 640/1393/1383
f 685/1387/1377 640/1393/1383 290/1394/1384
f 290/1394/1384 640/1393/1383 164/1395/1385
f 290/1394/1384 164/1395/1385 161/1396/1386
f 161/1396/1386 164/1395/1385 701/1382/1372
f 161/1396/1386 701/1382/1372 162/1384/1374
f 687/1397/1387 736/1398/1388 686/1391/1381
f 686/1391/1381 736/1398/1388 737/1399/1389
f 686/1391/1381 737/1399/1389 738/1400/1390
f 688/1401/1391 732/1402/1392 687/1397/1387
f 687/1397/1387 732/1402/1392 733/1403/1393
f 687/1397/1387 733/1403/1393 734/1404/1394
f 688/1401/1391 689/1405/1395 732/1402/1392
f 732/1402/1392 689/1405/1395 690/1406/1396
f 732/1402/1392 690/1406/1396 731/1407/1397
f 731/1407/1397 690/1406/1396 691/1408/1398
f 731/1407/1397 691/1408/1398 692/1409/1399
f 692/1409/1399 693/1410/1400 731/1407/1397
f 731/1407/1397 693/1410/1400 730/1411/1401
f 730/1411/1401 693/1410/1400 694/1412/1402
f 730/1411/1401 694/1412/1402 729/1413/1403
f 729/1413/1403 694/1412/1402 728/1414/1404
f 728/1414/1404 694/1412/1402 727/1415/1405
f 727/1415/1405 694/1412/1402 726/1416/1406
f 726/1416/1406 694/1412/1402 725/1417/1407
f 725/1417/1407 694/1412/1402 755/1418/1408
f 725/1417/1407 755/1418/1408 724/1419/1409
f 724/1419/1409 755/1418/1408 756/1420/1410
f 724/1419/1409 756/1420/1410 723/1421/1411
f 723/1421/1411 756/1420/1410 757/1422/1412
f 723/1421/1411 757/1422/1412 722/1423/1413
f 722/1423/1413 757/1422/1412 758/1424/1414
f 722/1423/1413 758/1424/1414 759/1425/1415
f 694/1412/1402 695/1426/1416 755/1418/1408
f 755/1418/1408 695/1426/1416 754/1427/1417
f 754/1427/1417 695/1426/1416 753/1428/1418
f 753/1428/1418 695/1426/1416 752/1429/1419
f 752/1429/1419 695/1426/1416 751/1430/1420
f 751/1430/1420 695/1426/1416 750/1431/1421
f 750/1431/1421 695/1426/1416 749/1432/1422
f 749/1432/1422 695/1426/1416 696/1433/1423
f 749/1432/1422 696/1433/1423 697/1434/1424
f 697/1434/1424 698/1435/1425 749/1432/1422
f 749/1432/1422 698/1435/1425 748/1436/1426
f 748/1436/1426 698/1435/1425 699/1437/1427
f 748/1436/1426 699/1437/1427 700/1438/1428
f 700/1438/1428 701/1382/1372 748/1436/1426
f 748/1436/1426 701/1382/1372 747/1439/1429
f 747/1439/1429 701/1382/1372 746/1440/1430
f 746/1440/1430 701/1382/1372 745/1441/1431
f 745/1441/1431 701/1382/1372 645/1442/1432
f 745/1441/1431 645/1442/1432 744/1443/1433
f 744/1443/1433 645/1442/1432 743/1444/1434
f 743/1444/1434 645/1442/1432 742/1445/1435
f 742/1445/1435 645/1442/1432 741/1446/1436
f 741/1446/1436 645/1442/1432 740/1447/1437
f 740/1447/1437 645/1442/1432 763/1448/1438
f 763/1448/1438 645/1442/1432 762/1449/1439
f 762/1449/1439 645/1442/1432 644/1450/1440
f 762/1449/1439 644/1450/1440 761/1451/1441
f 761/1451/1441 644/1450/1440 760/1452/1442
f 760/1452/1442 644/1450/1440 759/1425/1415
f 759/1425/1415 644/1450/1440 721/1453/1443
f 759/1425/1415 721/1453/1443 722/1423/1413
f 166/1454/1444 165/1455/1445 655/1327/1317
f 655/1327/1317 165/1455/1445 657/1329/1319
f 658/1330/1320 659/1456/1446 154/1328/1318
f 224/1372/1362 651/1370/1360 155/1457/1447
f 155/1457/1447 651/1370/1360 158/1458/1448
f 155/1457/1447 158/1458/1448 655/1327/1317
f 655/1327/1317 158/1458/1448 157/1380/1370
f 703/1377/1367 653/1323/1313 662/1322/1312
f 156/1325/1315 155/1457/1447 655/1327/1317
f 290/1394/1384 708/1459/1449 685/1387/1377
f 685/1387/1377 708/1459/1449 709/1460/1450
f 685/1387/1377 709/1460/1450 647/1385/1375
f 312/1461/1451 715/1462/1452 163/1463/1453
f 163/1463/1453 715/1462/1452 701/1382/1372
f 163/1463/1453 701/1382/1372 164/1395/1385
f 710/1464/1454 686/1391/1381 312/1461/1451
f 312/1461/1451 686/1391/1381 714/1465/1455
f 312/1461/1451 714/1465/1455 715/1462/1452
f 710/1464/1454 711/1392/1382 686/1391/1381
f 712/1466/1456 686/1391/1381 644/1450/1440
f 644/1450/1440 686/1391/1381 739/1467/1457
f 644/1450/1440 739/1467/1457 716/1468/1458
f 712/1466/1456 713/1469/1459 686/1391/1381
f 686/1391/1381 713/1469/1459 714/1465/1455
f 715/1462/1452 645/1442/1432 701/1382/1372
f 716/1468/1458 717/1470/1460 644/1450/1440
f 644/1450/1440 717/1470/1460 718/1471/1461
f 644/1450/1440 718/1471/1461 719/1472/1462
f 719/1472/1462 720/1473/1463 644/1450/1440
f 644/1450/1440 720/1473/1463 721/1453/1443
f 734/1404/1394 735/1474/1464 687/1397/1387
f 687/1397/1387 735/1474/1464 736/1398/1388
f 738/1400/1390 739/1467/1457 686/1391/1381
f 194/1475/1465 654/1476/1466 661/1477/1467
f 661/1477/1467 654/1476/1466 903/1478/1468
f 661/1477/1467 903/1478/1468 841/1479/1469
f 841/1479/1469 903/1478/1468 840/1480/1470
f 840/1480/1470 903/1478/1468 904/1481/1471
f 840/1480/1470 904/1481/1471 839/1482/1472
f 839/1482/1472 904/1481/1471 223/1483/1473
f 839/1482/1472 223/1483/1473 838/1484/1474
f 838/1484/1474 223/1483/1473 837/1485/1475
f 837/1485/1475 223/1483/1473 652/1486/1476
f 837/1485/1475 652/1486/1476 836/1487/1477
f 836/1487/1477 652/1486/1476 901/1488/1478
f 836/1487/1477 901/1488/1478 835/1489/1479
f 835/1489/1479 901/1488/1478 902/1490/1480
f 835/1489/1479 902/1490/1480 834/1491/1481
f 834/1491/1481 902/1490/1480 245/1492/1482
f 834/1491/1481 245/1492/1482 833/1493/1483
f 833/1493/1483 245/1492/1482 807/1494/1484
f 833/1493/1483 807/1494/1484 832/1495/1485
f 832/1495/1485 807/1494/1484 808/1496/1486
f 832/1495/1485 808/1496/1486 831/1497/1487
f 831/1497/1487 808/1496/1486 809/1498/1488
f 831/1497/1487 809/1498/1488 830/1499/1489
f 830/1499/1489 809/1498/1488 810/1500/1490
f 830/1499/1489 810/1500/1490 829/1501/1491
f 829/1501/1491 810/1500/1490 811/1502/1492
f 829/1501/1491 811/1502/1492 828/1503/1493
f 828/1503/1493 811/1502/1492 812/1504/1494
f 828/1503/1493 812/1504/1494 827/1505/1495
f 827/1505/1495 812/1504/1494 813/1506/1496
f 827/1505/1495 813/1506/1496 826/1507/1497
f 826/1507/1497 813/1506/1496 814/1508/1498
f 826/1507/1497 814/1508/1498 815/1509/1499
f 654/1476/1466 194/1475/1465 203/1510/1500
f 203/1510/1500 194/1475/1465 175/1511/1501
f 203/1510/1500 175/1511/1501 656/1512/1502
f 656/1512/1502 175/1511/1501 174/1513/1503
f 656/1512/1502 174/1513/1503 170/1514/1504
f 170/1514/1504 174/1513/1503 660/1515/1505
f 660/1515/1505 174/1513/1503 202/1516/1506
f 170/1514/1504 169/1517/1507 656/1512/1502
f 656/1512/1502 169/1517/1507 173/1518/1508
f 788/1519/1509 247/1520/1510 656/1512/1502
f 656/1512/1502 247/1520/1510 226/1521/1511
f 656/1512/1502 226/1521/1511 225/1522/1512
f 789/1523/1513 860/1524/1514 788/1519/1509
f 788/1519/1509 860/1524/1514 861/1525/1515
f 788/1519/1509 861/1525/1515 862/1526/1516
f 789/1523/1513 790/1527/1517 860/1524/1514
f 860/1524/1514 790/1527/1517 791/1528/1518
f 860/1524/1514 791/1528/1518 859/1529/1519
f 859/1529/1519 791/1528/1518 792/1530/1520
f 859/1529/1519 792/1530/1520 793/1531/1521
f 793/1531/1521 794/1532/1522 859/1529/1519
f 859/1529/1519 794/1532/1522 858/1533/1523
f 858/1533/1523 794/1532/1522 857/1534/1524
f 857/1534/1524 794/1532/1522 856/1535/1525
f 856/1535/1525 794/1532/1522 855/1536/1526
f 855/1536/1526 794/1532/1522 854/1537/1527
f 854/1537/1527 794/1532/1522 853/1538/1528
f 853/1538/1528 794/1532/1522 795/1539/1529
f 853/1538/1528 795/1539/1529 883/1540/1530
f 883/1540/1530 795/1539/1529 882/1541/1531
f 882/1541/1531 795/1539/1529 881/1542/1532
f 881/1542/1532 795/1539/1529 880/1543/1533
f 880/1543/1533 795/1539/1529 879/1544/1534
f 879/1544/1534 795/1539/1529 878/1545/1535
f 878/1545/1535 795/1539/1529 796/1546/1536
f 878/1545/1535 796/1546/1536 877/1547/1537
f 877/1547/1537 796/1546/1536 797/1548/1538
f 877/1547/1537 797/1548/1538 798/1549/1539
f 798/1549/1539 799/1550/1540 877/1547/1537
f 877/1547/1537 799/1550/1540 876/1551/1541
f 876/1551/1541 799/1550/1540 800/1552/1542
f 876/1551/1541 800/1552/1542 801/1553/1543
f 801/1553/1543 802/1554/1544 876/1551/1541
f 876/1551/1541 802/1554/1544 875/1555/1545
f 875/1555/1545 802/1554/1544 874/1556/1546
f 874/1556/1546 802/1554/1544 873/1557/1547
f 873/1557/1547 802/1554/1544 872/1558/1548
f 872/1558/1548 802/1554/1544 803/1559/1549
f 872/1558/1548 803/1559/1549 871/1560/1550
f 871/1560/1550 803/1559/1549 870/1561/1551
f 870/1561/1551 803/1559/1549 869/1562/1552
f 869/1562/1552 803/1559/1549 643/1563/1553
f 869/1562/1552 643/1563/1553 868/1564/1554
f 868/1564/1554 643/1563/1553 891/1565/1555
f 891/1565/1555 643/1563/1553 890/1566/1556
f 890/1566/1556 643/1563/1553 889/1567/1557
f 889/1567/1557 643/1563/1553 888/1568/1558
f 888/1568/1558 643/1563/1553 887/1569/1559
f 887/1569/1559 643/1563/1553 849/1570/1560
f 887/1569/1559 849/1570/1560 886/1571/1561
f 886/1571/1561 849/1570/1560 850/1572/1562
f 886/1571/1561 850/1572/1562 851/1573/1563
f 804/1574/1564 895/1575/1565 803/1559/1549
f 803/1559/1549 895/1575/1565 896/1576/1566
f 803/1559/1549 896/1576/1566 311/1577/1567
f 805/1578/1568 267/1579/1569 804/1574/1564
f 804/1574/1564 267/1579/1569 648/1580/1570
f 804/1574/1564 648/1580/1570 897/1581/1571
f 806/1582/1572 650/1583/1573 805/1578/1568
f 805/1578/1568 650/1583/1573 899/1584/1574
f 805/1578/1568 899/1584/1574 900/1585/1575
f 650/1583/1573 806/1582/1572 245/1492/1482
f 245/1492/1482 806/1582/1572 807/1494/1484
f 826/1507/1497 815/1509/1499 825/1586/1576
f 825/1586/1576 815/1509/1499 816/1587/1577
f 825/1586/1576 816/1587/1577 824/1588/1578
f 824/1588/1578 816/1587/1577 817/1589/1579
f 824/1588/1578 817/1589/1579 823/1590/1580
f 823/1590/1580 817/1589/1579 818/1591/1581
f 823/1590/1580 818/1591/1581 822/1592/1582
f 822/1592/1582 818/1591/1581 819/1593/1583
f 822/1592/1582 819/1593/1583 821/1594/1584
f 821/1594/1584 819/1593/1583 665/1595/1585
f 821/1594/1584 665/1595/1585 820/1596/1586
f 820/1596/1586 665/1595/1585 664/1597/1587
f 820/1596/1586 664/1597/1587 663/1598/1588
f 820/1596/1586 663/1598/1588 843/1599/1589
f 843/1599/1589 663/1598/1588 661/1477/1467
f 843/1599/1589 661/1477/1467 842/1600/1590
f 842/1600/1590 661/1477/1467 841/1479/1469
f 867/1601/1591 844/1602/1592 642/1603/1593
f 642/1603/1593 844/1602/1592 845/1604/1594
f 642/1603/1593 845/1604/1594 846/1605/1595
f 642/1603/1593 846/1605/1595 643/1563/1553
f 643/1563/1553 846/1605/1595 847/1606/1596
f 643/1563/1553 847/1606/1596 848/1607/1597
f 848/1607/1597 849/1570/1560 643/1563/1553
f 886/1571/1561 851/1573/1563 885/1608/1598
f 885/1608/1598 851/1573/1563 852/1609/1599
f 885/1608/1598 852/1609/1599 884/1610/1600
f 884/1610/1600 852/1609/1599 853/1538/1528
f 884/1610/1600 853/1538/1528 883/1540/1530
f 862/1526/1516 863/1611/1601 788/1519/1509
f 788/1519/1509 863/1611/1601 642/1603/1593
f 788/1519/1509 642/1603/1593 646/1612/1602
f 863/1611/1601 864/1613/1603 642/1603/1593
f 642/1603/1593 864/1613/1603 865/1614/1604
f 642/1603/1593 865/1614/1604 866/1615/1605
f 866/1615/1605 867/1601/1591 642/1603/1593
f 892/1616/1606 311/1577/1567 646/1612/1602
f 646/1612/1602 311/1577/1567 292/1617/1607
f 646/1612/1602 292/1617/1607 788/1519/1509
f 788/1519/1509 292/1617/1607 291/1618/1608
f 788/1519/1509 291/1618/1608 270/1619/1609
f 270/1619/1609 291/1618/1608 289/1620/1610
f 289/1620/1610 291/1618/1608 641/1621/1611
f 289/1620/1610 641/1621/1611 804/1574/1564
f 804/1574/1564 641/1621/1611 895/1575/1565
f 311/1577/1567 892/1616/1606 803/1559/1549
f 803/1559/1549 892/1616/1606 893/1622/1612
f 803/1559/1549 893/1622/1612 894/1623/1613
f 894/1623/1613 643/1563/1553 803/1559/1549
f 897/1581/1571 898/1624/1614 804/1574/1564
f 804/1574/1564 898/1624/1614 289/1620/1610
f 270/1619/1609 269/1625/1615 788/1519/1509
f 788/1519/1509 269/1625/1615 248/1626/1616
f 788/1519/1509 248/1626/1616 247/1520/1510
f 269/1625/1615 648/1580/1570 248/1626/1616
f 248/1626/1616 648/1580/1570 267/1579/1569
f 900/1585/1575 267/1579/1569 805/1578/1568
f 247/1520/1510 650/1583/1573 226/1521/1511
f 226/1521/1511 650/1583/1573 245/1492/1482
f 656/1512/1502 225/1522/1512 204/1627/1617
f 204/1627/1617 225/1522/1512 652/1486/1476
f 204/1627/1617 652/1486/1476 223/1483/1473
f 204/1627/1617 203/1510/1500 656/1512/1502
f 599/1628/1618 598/1629/1619 646/1630/1620
f 646/1630/1620 598/1629/1619 597/1631/1621
f 646/1630/1620 597/1631/1621 596/1632/1622
f 596/1632/1622 595/1633/1623 646/1630/1620
f 646/1630/1620 595/1633/1623 594/1634/1624
f 646/1630/1620 594/1634/1624 892/1635/1625
f 892/1635/1625 594/1634/1624 593/1636/1626
f 892/1635/1625 593/1636/1626 592/1637/1627
f 592/1637/1627 591/1638/1628 892/1635/1625
f 892/1635/1625 591/1638/1628 590/1639/1629
f 892/1635/1625 590/1639/1629 589/1640/1630
f 892/1635/1625 589/1640/1630 714/1641/1631
f 714/1641/1631 589/1640/1630 588/1642/1632
f 714/1641/1631 588/1642/1632 587/1643/1633
f 587/1643/1633 586/1644/1634 714/1641/1631
f 714/1641/1631 586/1644/1634 585/1645/1635
f 714/1641/1631 585/1645/1635 584/1646/1636
f 584/1646/1636 583/1647/1637 714/1641/1631
f 714/1641/1631 583/1647/1637 715/1648/1638
f 715/1648/1638 583/1647/1637 582/1649/1639
f 715/1648/1638 582/1649/1639 581/1650/1640
f 581/1650/1640 580/1651/1641 715/1648/1638
f 715/1648/1638 580/1651/1641 579/1652/1642
f 715/1648/1638 579/1652/1642 578/1653/1643
f 892/1654/1644 714/1655/1645 893/1656/1646
f 893/1656/1646 714/1655/1645 713/1657/1647
f 893/1656/1646 713/1657/1647 894/1658/1648
f 894/1658/1648 713/1657/1647 712/1659/1649
f 894/1658/1648 712/1659/1649 643/1660/1650
f 643/1660/1650 712/1659/1649 644/1661/1651
f 312/1662/1652 311/1663/1653 710/1664/1654
f 710/1664/1654 311/1663/1653 896/1665/1655
f 710/1664/1654 896/1665/1655 711/1666/1656
f 711/1666/1656 896/1665/1655 895/1667/1657
f 711/1666/1656 895/1667/1657 640/1668/1658
f 640/1668/1658 895/1667/1657 641/1669/1659
f 290/1670/1660 289/1671/1661 708/1672/1662
f 708/1672/1662 289/1671/1661 898/1673/1663
f 708/1672/1662 898/1673/1663 709/1674/1664
f 709/1674/1664 898/1673/1663 897/1675/1665
f 709/1674/1664 897/1675/1665 647/1676/1666
f 647/1676/1666 897/1675/1665 648/1677/1667
f 268/1678/1668 267/1679/1669 706/1680/1670
f 706/1680/1670 267/1679/1669 900/1681/1671
f 706/1680/1670 900/1681/1671 707/1682/1672
f 707/1682/1672 900/1681/1671 899/1683/1673
f 707/1682/1672 899/1683/1673 649/1684/1674
f 649/1684/1674 899/1683/1673 650/1685/1675
f 246/1686/1676 245/1687/1677 704/1688/1678
f 704/1688/1678 245/1687/1677 902/1689/1679
f 704/1688/1678 902/1689/1679 705/1690/1680
f 705/1690/1680 902/1689/1679 901/1691/1681
f 705/1690/1680 901/1691/1681 651/1692/1682
f 651/1692/1682 901/1691/1681 652/1693/1683
f 224/1694/1684 223/1695/1685 702/1696/1686
f 702/1696/1686 223/1695/1685 904/1697/1687
f 702/1696/1686 904/1697/1687 703/1698/1688
f 703/1698/1688 904/1697/1687 903/1699/1689
f 703/1698/1688 903/1699/1689 653/1700/1690
f 653/1700/1690 903/1699/1689 654/1701/1691
f 65/1702/1692 64/1703/1693 452/1704/1694
f 452/1704/1694 64/1703/1693 170/1705/1695
f 452/1704/1694 170/1705/1695 453/1706/1696
f 453/1706/1696 170/1705/1695 454/1707/1697
f 454/1707/1697 170/1705/1695 660/1708/1698
f 454/1707/1697 660/1708/1698 455/1709/1699
f 695/1710/1700 694/1711/1701 794/1712/1702
f 794/1712/1702 694/1711/1701 795/1713/1703
f 29/1714/1704 655/1715/1705 122/1716/1706
f 122/1716/1706 655/1715/1705 701/1717/1707
f 122/1716/1706 701/1717/1707 62/1718/1708
f 62/1718/1708 701/1717/1707 788/1719/1709
f 62/1718/1708 788/1719/1709 656/1720/1710
f 29/1714/1704 28/1721/1711 655/1715/1705
f 655/1715/1705 28/1721/1711 656/1720/1710
f 656/1720/1710 28/1721/1711 62/1718/1708
f 810/1722/1712 679/1723/1713 811/1724/1714
f 811/1724/1714 679/1723/1713 678/1725/1715
f 811/1724/1714 678/1725/1715 677/1726/1716
f 811/1724/1714 677/1726/1716 812/1727/1717
f 812/1727/1717 677/1726/1716 676/1728/1718
f 812/1727/1717 676/1728/1718 813/1729/1719
f 813/1729/1719 676/1728/1718 675/1730/1720
f 813/1729/1719 675/1730/1720 814/1731/1721
f 814/1731/1721 675/1730/1720 674/1732/1722
f 814/1731/1721 674/1732/1722 815/1733/1723
f 815/1733/1723 674/1732/1722 673/1734/1724
f 815/1733/1723 673/1734/1724 816/1735/1725
f 816/1735/1725 673/1734/1724 672/1736/1726
f 816/1735/1725 672/1736/1726 817/1737/1727
f 817/1737/1727 672/1736/1726 671/1738/1728
f 817/1737/1727 671/1738/1728 818/1739/1729
f 818/1739/1729 671/1738/1728 670/1740/1730
f 818/1739/1729 670/1740/1730 819/1741/1731
f 819/1741/1731 670/1740/1730 665/1742/1310
f 665/1742/1310 670/1740/1730 666/1743/1308
f 578/1744/1732 621/1745/1733 715/1746/1734
f 715/1746/1734 621/1745/1733 645/1747/1735
f 802/1748/1736 687/1749/1737 803/1750/1738
f 803/1750/1738 687/1749/1737 686/1751/1739
f 803/1750/1738 686/1751/1739 685/1752/1740
f 684/1753/1741 805/1754/1742 685/1752/1740
f 685/1752/1740 805/1754/1742 804/1755/1743
f 685/1752/1740 804/1755/1743 803/1750/1738
f 805/1756/1742 684/1757/1741 905/1758/1744
f 905/1758/1744 684/1757/1741 683/1759/1745
f 905/1758/1744 683/1759/1745 906/1760/1746
f 906/1760/1746 683/1759/1745 682/1761/1747
f 906/1760/1746 682/1761/1747 907/1762/1748
f 907/1762/1748 682/1761/1747 681/1763/1749
f 907/1762/1748 681/1763/1749 908/1764/1750
f 908/1764/1750 681/1763/1749 680/1765/1751
f 908/1764/1750 680/1765/1751 679/1766/1713
f 679/1766/1713 810/1767/1712 908/1764/1750
f 908/1764/1750 810/1767/1712 809/1768/1752
f 908/1764/1750 809/1768/1752 907/1762/1748
f 907/1762/1748 809/1768/1752 808/1769/1753
f 907/1762/1748 808/1769/1753 906/1760/1746
f 906/1760/1746 808/1769/1753 807/1770/1754
f 906/1760/1746 807/1770/1754 905/1758/1744
f 905/1758/1744 807/1770/1754 806/1771/1755
f 905/1758/1744 806/1771/1755 805/1756/1742
f 795/1772/1703 694/1773/1701 909/1774/1756
f 909/1774/1756 694/1773/1701 693/1775/1757
f 909/1774/1756 693/1775/1757 910/1776/1758
f 910/1776/1758 693/1775/1757 692/1777/1759
f 910/1776/1758 692/1777/1759 911/1778/1760
f 911/1778/1760 692/1777/1759 691/1779/1761
f 911/1778/1760 691/1779/1761 912/1780/1762
f 912/1780/1762 691/1779/1761 690/1781/1763
f 912/1780/1762 690/1781/1763 913/1782/1764
f 913/1782/1764 690/1781/1763 689/1783/1765
f 913/1782/1764 689/1783/1765 914/1784/1766
f 914/1784/1766 689/1783/1765 688/1785/1767
f 914/1784/1766 688/1785/1767 687/1786/1737
f 687/1786/1737 802/1787/1736 914/1784/1766
f 914/1784/1766 802/1787/1736 801/1788/1768
f 914/1784/1766 801/1788/1768 913/1782/1764
f 913/1782/1764 801/1788/1768 800/1789/1769
f 913/1782/1764 800/1789/1769 912/1780/1762
f 912/1780/1762 800/1789/1769 799/1790/1770
f 912/1780/1762 799/1790/1770 911/1778/1760
f 911/1778/1760 799/1790/1770 798/1791/1771
f 911/1778/1760 798/1791/1771 910/1776/1758
f 910/1776/1758 798/1791/1771 797/1792/1772
f 910/1776/1758 797/1792/1772 909/1774/1756
f 909/1774/1756 797/1792/1772 796/1793/1773
f 909/1774/1756 796/1793/1773 795/1772/1703
f 788/1794/1709 701/1795/1707 915/1796/1774
f 915/1796/1774 701/1795/1707 700/1797/1775
f 915/1796/1774 700/1797/1775 916/1798/1776
f 916/1798/1776 700/1797/1775 699/1799/1777
f 916/1798/1776 699/1799/1777 917/1800/1778
f 917/1800/1778 699/1799/1777 698/1801/1779
f 917/1800/1778 698/1801/1779 918/1802/1780
f 918/1802/1780 698/1801/1779 697/1803/1781
f 918/1802/1780 697/1803/1781 919/1804/1782
f 919/1804/1782 697/1803/1781 696/1805/1783
f 919/1804/1782 696/1805/1783 695/1806/1700
f 695/1806/1700 794/1807/1702 919/1804/1782
f 919/1804/1782 794/1807/1702 793/1808/1784
f 919/1804/1782 793/1808/1784 918/1802/1780
f 918/1802/1780 793/1808/1784 792/1809/1785
f 918/1802/1780 792/1809/1785 917/1800/1778
f 917/1800/1778 792/1809/1785 791/1810/1786
f 917/1800/1778 791/1810/1786 916/1798/1776
f 916/1798/1776 791/1810/1786 790/1811/1787
f 916/1798/1776 790/1811/1787 915/1796/1774
f 915/1796/1774 790/1811/1787 789/1812/1788
f 915/1796/1774 789/1812/1788 788/1794/1709
f 739/1813/1789 922/1814/1790 716/1815/1791
f 716/1815/1791 922/1814/1790 925/1816/1792
f 716/1815/1791 925/1816/1792 717/1817/1793
f 717/1817/1793 925/1816/1792 966/1818/1794
f 717/1817/1793 966/1818/1794 718/1819/1795
f 718/1819/1795 966/1818/1794 964/1820/1796
f 718/1819/1795 964/1820/1796 719/1821/1797
f 719/1821/1797 964/1820/1796 962/1822/1798
f 719/1821/1797 962/1822/1798 720/1823/1799
f 720/1823/1799 962/1822/1798 960/1824/1800
f 720/1823/1799 960/1824/1800 721/1825/1801
f 721/1825/1801 960/1824/1800 958/1826/1802
f 721/1825/1801 958/1826/1802 722/1827/1803
f 722/1827/1803 958/1826/1802 956/1828/1804
f 722/1827/1803 956/1828/1804 723/1829/1805
f 723/1829/1805 956/1828/1804 954/1830/1806
f 723/1829/1805 954/1830/1806 724/1831/1807
f 724/1831/1807 954/1830/1806 952/1832/1808
f 724/1831/1807 952/1832/1808 725/1833/1809
f 725/1833/1809 952/1832/1808 950/1834/1810
f 725/1833/1809 950/1834/1810 726/1835/1811
f 726/1835/1811 950/1834/1810 948/1836/1812
f 726/1835/1811 948/1836/1812 727/1837/1813
f 727/1837/1813 948/1836/1812 946/1838/1814
f 727/1837/1813 946/1838/1814 728/1839/1815
f 728/1839/1815 946/1838/1814 920/1840/1816
f 728/1841/1815 920/1842/1816 729/1843/1817
f 729/1843/1817 920/1842/1816 944/1844/1818
f 729/1843/1817 944/1844/1818 730/1845/1819
f 730/1845/1819 944/1844/1818 942/1846/1820
f 730/1845/1819 942/1846/1820 731/1847/1821
f 731/1847/1821 942/1846/1820 940/1848/1822
f 731/1847/1821 940/1848/1822 732/1849/1823
f 732/1849/1823 940/1848/1822 938/1850/1824
f 732/1849/1823 938/1850/1824 733/1851/1825
f 733/1851/1825 938/1850/1824 936/1852/1826
f 733/1851/1825 936/1852/1826 734/1853/1827
f 734/1853/1827 936/1852/1826 934/1854/1828
f 734/1853/1827 934/1854/1828 735/1855/1829
f 735/1855/1829 934/1854/1828 932/1856/1830
f 735/1855/1829 932/1856/1830 736/1857/1831
f 736/1857/1831 932/1856/1830 930/1858/1832
f 736/1857/1831 930/1858/1832 737/1859/1833
f 737/1859/1833 930/1858/1832 928/1860/1834
f 737/1859/1833 928/1860/1834 738/1861/1835
f 738/1861/1835 928/1860/1834 926/1862/1836
f 738/1861/1835 926/1862/1836 739/1813/1789
f 739/1813/1789 926/1862/1836 922/1814/1790
f 891/1863/1837 967/1864/1838 868/1865/1839
f 868/1865/1839 967/1864/1838 924/1866/1840
f 868/1865/1839 924/1866/1840 869/1867/1841
f 869/1867/1841 924/1866/1840 923/1868/1842
f 869/1867/1841 923/1868/1842 870/1869/1843
f 870/1869/1843 923/1868/1842 927/1870/1844
f 870/1869/1843 927/1870/1844 871/1871/1845
f 871/1871/1845 927/1870/1844 929/1872/1846
f 871/1871/1845 929/1872/1846 872/1873/1847
f 872/1873/1847 929/1872/1846 931/1874/1848
f 872/1873/1847 931/1874/1848 873/1875/1849
f 873/1875/1849 931/1874/1848 933/1876/1850
f 873/1875/1849 933/1876/1850 874/1877/1851
f 874/1877/1851 933/1876/1850 935/1878/1852
f 874/1877/1851 935/1878/1852 875/1879/1853
f 875/1879/1853 935/1878/1852 937/1880/1854
f 875/1879/1853 937/1880/1854 876/1881/1855
f 876/1881/1855 937/1880/1854 939/1882/1856
f 876/1881/1855 939/1882/1856 877/1883/1857
f 877/1883/1857 939/1882/1856 941/1884/1858
f 877/1883/1857 941/1884/1858 878/1885/1859
f 878/1885/1859 941/1884/1858 943/1886/1860
f 878/1885/1859 943/1886/1860 879/1887/1861
f 879/1887/1861 943/1886/1860 945/1888/1862
f 879/1887/1861 945/1888/1862 880/1889/1863
f 880/1889/1863 945/1888/1862 921/1890/1864
f 880/1891/1863 921/1892/1864 881/1893/1865
f 881/1893/1865 921/1892/1864 947/1894/1866
f 881/1893/1865 947/1894/1866 882/1895/1867
f 882/1895/1867 947/1894/1866 949/1896/1868
f 882/1895/1867 949/1896/1868 883/1897/1869
f 883/1897/1869 949/1896/1868 951/1898/1870
f 883/1897/1869 951/1898/1870 884/1899/1871
f 884/1899/1871 951/1898/1870 953/1900/1872
f 884/1899/1871 953/1900/1872 885/1901/1873
f 885/1901/1873 953/1900/1872 955/1902/1874
f 885/1901/1873 955/1902/1874 886/1903/1875
f 886/1903/1875 955/1902/1874 957/1904/1876
f 886/1903/1875 957/1904/1876 887/1905/1877
f 887/1905/1877 957/1904/1876 959/1906/1878
f 887/1905/1877 959/1906/1878 888/1907/1879
f 888/1907/1879 959/1906/1878 961/1908/1880
f 888/1907/1879 961/1908/1880 889/1909/1881
f 889/1909/1881 961/1908/1880 963/1910/1882
f 889/1909/1881 963/1910/1882 890/1911/1883
f 890/1911/1883 963/1910/1882 965/1912/1884
f 890/1911/1883 965/1912/1884 891/1863/1837
f 891/1863/1837 965/1912/1884 967/1864/1838
f 920/1842/1816 921/1890/1864 944/1844/1818
f 944/1844/1818 921/1890/1864 945/1888/1862
f 944/1844/1818 945/1888/1862 942/1846/1820
f 942/1846/1820 945/1888/1862 943/1886/1860
f 942/1846/1820 943/1886/1860 940/1848/1822
f 940/1848/1822 943/1886/1860 941/1884/1858
f 940/1848/1822 941/1884/1858 938/1850/1824
f 938/1850/1824 941/1884/1858 939/1882/1856
f 938/1850/1824 939/1882/1856 936/1852/1826
f 936/1852/1826 939/1882/1856 937/1880/1854
f 936/1852/1826 937/1880/1854 934/1854/1828
f 934/1854/1828 937/1880/1854 935/1878/1852
f 934/1854/1828 935/1878/1852 932/1856/1830
f 932/1856/1830 935/1878/1852 933/1876/1850
f 932/1856/1830 933/1876/1850 930/1858/1832
f 930/1858/1832 933/1876/1850 931/1874/1848
f 930/1858/1832 931/1874/1848 928/1860/1834
f 928/1860/1834 931/1874/1848 929/1872/1846
f 928/1860/1834 929/1872/1846 926/1862/1836
f 926/1862/1836 929/1872/1846 927/1870/1844
f 926/1862/1836 927/1870/1844 922/1814/1790
f 922/1814/1790 927/1870/1844 923/1868/1842
f 922/1814/1790 923/1868/1842 925/1816/1792
f 925/1816/1792 923/1868/1842 924/1866/1840
f 925/1816/1792 924/1866/1840 966/1818/1794
f 966/1818/1794 924/1866/1840 967/1864/1838
f 966/1818/1794 967/1864/1838 964/1820/1796
f 964/1820/1796 967/1864/1838 965/1912/1884
f 964/1820/1796 965/1912/1884 962/1822/1798
f 962/1822/1798 965/1912/1884 963/1910/1882
f 962/1822/1798 963/1910/1882 960/1824/1800
f 960/1824/1800 963/1910/1882 961/1908/1880
f 960/1824/1800 961/1908/1880 958/1826/1802
f 958/1826/1802 961/1908/1880 959/1906/1878
f 958/1826/1802 959/1906/1878 956/1828/1804
f 956/1828/1804 959/1906/1878 957/1904/1876
f 956/1828/1804 957/1904/1876 954/1830/1806
f 954/1830/1806 957/1904/1876 955/1902/1874
f 954/1830/1806 955/1902/1874 952/1832/1808
f 952/1832/1808 955/1902/1874 953/1900/1872
f 952/1832/1808 953/1900/1872 950/1834/1810
f 950/1834/1810 953/1900/1872 951/1898/1870
f 950/1834/1810 951/1898/1870 948/1836/1812
f 948/1836/1812 951/1898/1870 949/1896/1868
f 948/1836/1812 949/1896/1868 946/1838/1814
f 946/1838/1814 949/1896/1868 947/1894/1866
f 946/1838/1814 947/1894/1866 920/1840/1816
f 920/1840/1816 947/1894/1866 921/1892/1864
f 763/1913/1885 970/1914/1886 740/1915/1887
f 740/1915/1887 970/1914/1886 973/1916/1888
f 740/1915/1887 973/1916/1888 741/1917/1889
f 741/1917/1889 973/1916/1888 1014/1918/1890
f 741/1917/1889 1014/1918/1890 742/1919/1891
f 742/1919/1891 1014/1918/1890 1012/1920/1892
f 742/1919/1891 1012/1920/1892 743/1921/1893
f 743/1921/1893 1012/1920/1892 1010/1922/1894
f 743/1921/1893 1010/1922/1894 744/1923/1895
f 744/1923/1895 1010/1922/1894 1008/1924/1896
f 744/1923/1895 1008/1924/1896 745/1925/1897
f 745/1925/1897 1008/1924/1896 1006/1926/1898
f 745/1925/1897 1006/1926/1898 746/1927/1899
f 746/1927/1899 1006/1926/1898 1004/1928/1900
f 746/1927/1899 1004/1928/1900 747/1929/1901
f 747/1929/1901 1004/1928/1900 1002/1930/1902
f 747/1929/1901 1002/1930/1902 748/1931/1903
f 748/1931/1903 1002/1930/1902 1000/1932/1904
f 748/1931/1903 1000/1932/1904 749/1933/1905
f 749/1933/1905 1000/1932/1904 998/1934/1906
f 749/1933/1905 998/1934/1906 750/1935/1907
f 750/1935/1907 998/1934/1906 996/1936/1908
f 750/1935/1907 996/1936/1908 751/1937/1909
f 751/1937/1909 996/1936/1908 994/1938/1910
f 751/1937/1909 994/1938/1910 752/1939/1911
f 752/1939/1911 994/1938/1910 968/1940/1912
f 752/1941/1911 968/1942/1912 753/1943/1913
f 753/1943/1913 968/1942/1912 992/1944/1914
f 753/1943/1913 992/1944/1914 754/1945/1915
f 754/1945/1915 992/1944/1914 990/1946/1916
f 754/1945/1915 990/1946/1916 755/1947/1917
f 755/1947/1917 990/1946/1916 988/1948/1918
f 755/1947/1917 988/1948/1918 756/1949/1919
f 756/1949/1919 988/1948/1918 986/1950/1920
f 756/1949/1919 986/1950/1920 757/1951/1921
f 757/1951/1921 986/1950/1920 984/1952/1922
f 757/1951/1921 984/1952/1922 758/1953/1923
f 758/1953/1923 984/1952/1922 982/1954/1924
f 758/1953/1923 982/1954/1924 759/1955/1925
f 759/1955/1925 982/1954/1924 980/1956/1926
f 759/1955/1925 980/1956/1926 760/1957/1927
f 760/1957/1927 980/1956/1926 978/1958/1928
f 760/1957/1927 978/1958/1928 761/1959/1929
f 761/1959/1929 978/1958/1928 976/1960/1930
f 761/1959/1929 976/1960/1930 762/1961/1931
f 762/1961/1931 976/1960/1930 974/1962/1932
f 762/1961/1931 974/1962/1932 763/1913/1885
f 763/1913/1885 974/1962/1932 970/1914/1886
f 867/1963/1933 1015/1964/1934 844/1965/1935
f 844/1965/1935 1015/1964/1934 972/1966/1936
f 844/1965/1935 972/1966/1936 845/1967/1937
f 845/1967/1937 972/1966/1936 971/1968/1938
f 845/1967/1937 971/1968/1938 846/1969/1939
f 846/1969/1939 971/1968/1938 975/1970/1940
f 846/1969/1939 975/1970/1940 847/1971/1941
f 847/1971/1941 975/1970/1940 977/1972/1942
f 847/1971/1941 977/1972/1942 848/1973/1943
f 848/1973/1943 977/1972/1942 979/1974/1944
f 848/1973/1943 979/1974/1944 849/1975/1945
f 849/1975/1945 979/1974/1944 981/1976/1946
f 849/1975/1945 981/1976/1946 850/1977/1947
f 850/1977/1947 981/1976/1946 983/1978/1948
f 850/1977/1947 983/1978/1948 851/1979/1949
f 851/1979/1949 983/1978/1948 985/1980/1950
f 851/1979/1949 985/1980/1950 852/1981/1951
f 852/1981/1951 985/1980/1950 987/1982/1952
f 852/1981/1951 987/1982/1952 853/1983/1953
f 853/1983/1953 987/1982/1952 989/1984/1954
f 853/1983/1953 989/1984/1954 854/1985/1955
f 854/1985/1955 989/1984/1954 991/1986/1956
f 854/1985/1955 991/1986/1956 855/1987/1957
f 855/1987/1957 991/1986/1956 993/1988/1958
f 855/1987/1957 993/1988/1958 856/1989/1959
f 856/1989/1959 993/1988/1958 969/1990/1960
f 856/1991/1959 969/1992/1960 857/1993/1961
f 857/1993/1961 969/1992/1960 995/1994/1962
f 857/1993/1961 995/1994/1962 858/1995/1963
f 858/1995/1963 995/1994/1962 997/1996/1964
f 858/1995/1963 997/1996/1964 859/1997/1965
f 859/1997/1965 997/1996/1964 999/1998/1966
f 859/1997/1965 999/1998/1966 860/1999/1967
f 860/1999/1967 999/1998/1966 1001/2000/1968
f 860/1999/1967 1001/2000/1968 861/2001/1969
f 861/2001/1969 1001/2000/1968 1003/2002/1970
f 861/2001/1969 1003/2002/1970 862/2003/1971
f 862/2003/1971 1003/2002/1970 1005/2004/1972
f 862/2003/1971 1005/2004/1972 863/2005/1973
f 863/2005/1973 1005/2004/1972 1007/2006/1974
f 863/2005/1973 1007/2006/1974 864/2007/1975
f 864/2007/1975 1007/2006/1974 1009/2008/1976
f 864/2007/1975 1009/2008/1976 865/2009/1977
f 865/2009/1977 1009/2008/1976 1011/2010/1978
f 865/2009/1977 1011/2010/1978 866/2011/1979
f 866/2011/1979 1011/2010/1978 1013/2012/1980
f 866/2011/1979 1013/2012/1980 867/1963/1933
f 867/1963/1933 1013/2012/1980 1015/1964/1934
f 968/1942/1912 969/1990/1960 992/1944/1914
f 992/1944/1914 969/1990/1960 993/1988/1958
f 992/1944/1914 993/1988/1958 990/1946/1916
f 990/1946/1916 993/1988/1958 991/1986/1956
f 990/1946/1916 991/1986/1956 988/1948/1918
f 988/1948/1918 991/1986/1956 989/1984/1954
f 988/1948/1918 989/1984/1954 986/1950/1920
f 986/1950/1920 989/1984/1954 987/1982/1952
f 986/1950/1920 987/1982/1952 984/1952/1922
f 984/1952/1922 987/1982/1952 985/1980/1950
f 984/1952/1922 985/1980/1950 982/1954/1924
f 982/1954/1924 985/1980/1950 983/1978/1948
f 982/1954/1924 983/1978/1948 980/1956/1926
f 980/1956/1926 983/1978/1948 981/1976/1946
f 980/1956/1926 981/1976/1946 978/1958/1928
f 978/1958/1928 981/1976/1946 979/1974/1944
f 978/1958/1928 979/1974/1944 976/1960/1930
f 976/1960/1930 979/1974/1944 977/1972/1942
f 976/1960/1930 977/1972/1942 974/1962/1932
f 974/1962/1932 977/1972/1942 975/1970/1940
f 974/1962/1932 975/1970/1940 970/1914/1886
f 970/1914/1886 975/1970/1940 971/1968/1938
f 970/1914/1886 971/1968/1938 973/1916/1888
f 973/1916/1888 971/1968/1938 972/1966/1936
f 973/1916/1888 972/1966/1936 1014/1918/1890
f 1014/1918/1890 972/1966/1936 1015/1964/1934
f 1014/1918/1890 1015/1964/1934 1012/1920/1892
f 1012/1920/1892 1015/1964/1934 1013/2012/1980
f 1012/1920/1892 1013/2012/1980 1010/1922/1894
f 1010/1922/1894 1013/2012/1980 1011/2010/1978
f 1010/1922/1894 1011/2010/1978 1008/1924/1896
f 1008/1924/1896 1011/2010/1978 1009/2008/1976
f 1008/1924/1896 1009/2008/1976 1006/1926/1898
f 1006/1926/1898 1009/2008/1976 1007/2006/1974
f 1006/1926/1898 1007/2006/1974 1004/1928/1900
f 1004/1928/1900 1007/2006/1974 1005/2004/1972
f 1004/1928/1900 1005/2004/1972 1002/1930/1902
f 1002/1930/1902 1005/2004/1972 1003/2002/1970
f 1002/1930/1902 1003/2002/1970 1000/1932/1904
f 1000/1932/1904 1003/2002/1970 1001/2000/1968
f 1000/1932/1904 1001/2000/1968 998/1934/1906
f 998/1934/1906 1001/2000/1968 999/1998/1966
f 998/1934/1906 999/1998/1966 996/1936/1908
f 996/1936/1908 999/1998/1966 997/1996/1964
f 996/1936/1908 997/1996/1964 994/1938/1910
f 994/1938/1910 997/1996/1964 995/1994/1962
f 994/1938/1910 995/1994/1962 968/1940/1912
f 968/1940/1912 995/1994/1962 969/1992/1960
f 787/2013/1981 1018/2014/1982 764/2015/1983
f 764/2015/1983 1018/2014/1982 1021/2016/1984
f 764/2015/1983 1021/2016/1984 765/2017/1985
f 765/2017/1985 1021/2016/1984 1062/2018/1986
f 765/2017/1985 1062/2018/1986 766/2019/1987
f 766/2019/1987 1062/2018/1986 1060/2020/1988
f 766/2019/1987 1060/2020/1988 767/2021/1989
f 767/2021/1989 1060/2020/1988 1058/2022/1990
f 767/2021/1989 1058/2022/1990 768/2023/1991
f 768/2023/1991 1058/2022/1990 1056/2024/1992
f 768/2023/1991 1056/2024/1992 769/2025/1993
f 769/2025/1993 1056/2024/1992 1054/2026/1994
f 769/2025/1993 1054/2026/1994 770/2027/1995
f 770/2027/1995 1054/2026/1994 1052/2028/1996
f 770/2027/1995 1052/2028/1996 771/2029/1997
f 771/2029/1997 1052/2028/1996 1050/2030/1998
f 771/2029/1997 1050/2030/1998 772/2031/1999
f 772/2031/1999 1050/2030/1998 1048/2032/2000
f 772/2031/1999 1048/2032/2000 773/2033/2001
f 773/2033/2001 1048/2032/2000 1046/2034/2002
f 773/2033/2001 1046/2034/2002 774/2035/2003
f 774/2035/2003 1046/2034/2002 1044/2036/2004
f 774/2035/2003 1044/2036/2004 775/2037/2005
f 775/2037/2005 1044/2036/2004 1042/2038/2006
f 775/2037/2005 1042/2038/2006 776/2039/2007
f 776/2039/2007 1042/2038/2006 1016/2040/2008
f 776/2041/2007 1016/2042/2008 777/2043/2009
f 777/2043/2009 1016/2042/2008 1040/2044/2010
f 777/2043/2009 1040/2044/2010 778/2045/2011
f 778/2045/2011 1040/2044/2010 1038/2046/2012
f 778/2045/2011 1038/2046/2012 779/2047/2013
f 779/2047/2013 1038/2046/2012 1036/2048/2014
f 779/2047/2013 1036/2048/2014 780/2049/2015
f 780/2049/2015 1036/2048/2014 1034/2050/2016
f 780/2049/2015 1034/2050/2016 781/2051/2017
f 781/2051/2017 1034/2050/2016 1032/2052/2018
f 781/2051/2017 1032/2052/2018 782/2053/2019
f 782/2053/2019 1032/2052/2018 1030/2054/2020
f 782/2053/2019 1030/2054/2020 783/2055/2021
f 783/2055/2021 1030/2054/2020 1028/2056/2022
f 783/2055/2021 1028/2056/2022 784/2057/2023
f 784/2057/2023 1028/2056/2022 1026/2058/2024
f 784/2057/2023 1026/2058/2024 785/2059/2025
f 785/2059/2025 1026/2058/2024 1024/2060/2026
f 785/2059/2025 1024/2060/2026 786/2061/2027
f 786/2061/2027 1024/2060/2026 1022/2062/2028
f 786/2061/2027 1022/2062/2028 787/2013/1981
f 787/2013/1981 1022/2062/2028 1018/2014/1982
f 843/2063/2029 1063/2064/2030 820/2065/2031
f 820/2065/2031 1063/2064/2030 1020/2066/2032
f 820/2065/2031 1020/2066/2032 821/2067/2033
f 821/2067/2033 1020/2066/2032 1019/2068/2034
f 821/2067/2033 1019/2068/2034 822/2069/2035
f 822/2069/2035 1019/2068/2034 1023/2070/2036
f 822/2069/2035 1023/2070/2036 823/2071/2037
f 823/2071/2037 1023/2070/2036 1025/2072/2038
f 823/2071/2037 1025/2072/2038 824/2073/2039
f 824/2073/2039 1025/2072/2038 1027/2074/2040
f 824/2073/2039 1027/2074/2040 825/2075/2041
f 825/2075/2041 1027/2074/2040 1029/2076/2042
f 825/2075/2041 1029/2076/2042 826/2077/2043
f 826/2077/2043 1029/2076/2042 1031/2078/2044
f 826/2077/2043 1031/2078/2044 827/2079/2045
f 827/2079/2045 1031/2078/2044 1033/2080/2046
f 827/2079/2045 1033/2080/2046 828/2081/2047
f 828/2081/2047 1033/2080/2046 1035/2082/2048
f 828/2081/2047 1035/2082/2048 829/2083/2049
f 829/2083/2049 1035/2082/2048 1037/2084/2050
f 829/2083/2049 1037/2084/2050 830/2085/2051
f 830/2085/2051 1037/2084/2050 1039/2086/2052
f 830/2085/2051 1039/2086/2052 831/2087/2053
f 831/2087/2053 1039/2086/2052 1041/2088/2054
f 831/2087/2053 1041/2088/2054 832/2089/2055
f 832/2089/2055 1041/2088/2054 1017/2090/2056
f 832/2091/2055 1017/2092/2056 833/2093/2057
f 833/2093/2057 1017/2092/2056 1043/2094/2058
f 833/2093/2057 1043/2094/2058 834/2095/2059
f 834/2095/2059 1043/2094/2058 1045/2096/2060
f 834/2095/2059 1045/2096/2060 835/2097/2061
f 835/2097/2061 1045/2096/2060 1047/2098/2062
f 835/2097/2061 1047/2098/2062 836/2099/2063
f 836/2099/2063 1047/2098/2062 1049/2100/2064
f 836/2099/2063 1049/2100/2064 837/2101/2065
f 837/2101/2065 1049/2100/2064 1051/2102/2066
f 837/2101/2065 1051/2102/2066 838/2103/2067
f 838/2103/2067 1051/2102/2066 1053/2104/2068
f 838/2103/2067 1053/2104/2068 839/2105/2069
f 839/2105/2069 1053/2104/2068 1055/2106/2070
f 839/2105/2069 1055/2106/2070 840/2107/2071
f 840/2107/2071 1055/2106/2070 1057/2108/2072
f 840/2107/2071 1057/2108/2072 841/2109/2073
f 841/2109/2073 1057/2108/2072 1059/2110/2074
f 841/2109/2073 1059/2110/2074 842/2111/2075
f 842/2111/2075 1059/2110/2074 1061/2112/2076
f 842/2111/2075 1061/2112/2076 843/2063/2029
f 843/2063/2029 1061/2112/2076 1063/2064/2030
f 1016/2042/2008 1017/2090/2056 1040/2044/2010
f 1040/2044/2010 1017/2090/2056 1041/2088/2054
f 1040/2044/2010 1041/2088/2054 1038/2046/2012
f 1038/2046/2012 1041/2088/2054 1039/2086/2052
f 1038/2046/2012 1039/2086/2052 1036/2048/2014
f 1036/2048/2014 1039/2086/2052 1037/2084/2050
f 1036/2048/2014 1037/2084/2050 1034/2050/2016
f 1034/2050/2016 1037/2084/2050 1035/2082/2048
f 1034/2050/2016 1035/2082/2048 1032/2052/2018
f 1032/2052/2018 1035/2082/2048 1033/2080/2046
f 1032/2052/2018 1033/2080/2046 1030/2054/2020
f 1030/2054/2020 1033/2080/2046 1031/2078/2044
f 1030/2054/2020 1031/2078/2044 1028/2056/2022
f 1028/2056/2022 1031/2078/2044 1029/2076/2042
f 1028/2056/2022 1029/2076/2042 1026/2058/2024
f 1026/2058/2024 1029/2076/2042 1027/2074/2040
f 1026/2058/2024 1027/2074/2040 1024/2060/2026
f 1024/2060/2026 1027/2074/2040 1025/2072/2038
f 1024/2060/2026 1025/2072/2038 1022/2062/2028
f 1022/2062/2028 1025/2072/2038 1023/2070/2036
f 1022/2062/2028 1023/2070/2036 1018/2014/1982
f 1018/2014/1982 1023/2070/2036 1019/2068/2034
f 1018/2014/1982 1019/2068/2034 1021/2016/1984
f 1021/2016/1984 1019/2068/2034 1020/2066/2032
f 1021/2016/1984 1020/2066/2032 1062/2018/1986
f 1062/2018/1986 1020/2066/2032 1063/2064/2030
f 1062/2018/1986 1063/2064/2030 1060/2020/1988
f 1060/2020/1988 1063/2064/2030 1061/2112/2076
f 1060/2020/1988 1061/2112/2076 1058/2022/1990
f 1058/2022/1990 1061/2112/2076 1059/2110/2074
f 1058/2022/1990 1059/2110/2074 1056/2024/1992
f 1056/2024/1992 1059/2110/2074 1057/2108/2072
f 1056/2024/1992 1057/2108/2072 1054/2026/1994
f 1054/2026/1994 1057/2108/2072 1055/2106/2070
f 1054/2026/1994 1055/2106/2070 1052/2028/1996
f 1052/2028/1996 1055/2106/2070 1053/2104/2068
f 1052/2028/1996 1053/2104/2068 1050/2030/1998
f 1050/2030/1998 1053/2104/2068 1051/2102/2066
f 1050/2030/1998 1051/2102/2066 1048/2032/2000
f 1048/2032/2000 1051/2102/2066 1049/2100/2064
f 1048/2032/2000 1049/2100/2064 1046/2034/2002
f 1046/2034/2002 1049/2100/2064 1047/2098/2062
f 1046/2034/2002 1047/2098/2062 1044/2036/2004
f 1044/2036/2004 1047/2098/2062 1045/2096/2060
f 1044/2036/2004 1045/2096/2060 1042/2038/2006
f 1042/2038/2006 1045/2096/2060 1043/2094/2058
f 1042/2038/2006 1043/2094/2058 1016/2040/2008
f 1016/2040/2008 1043/2094/2058 1017/2092/2056
# 1063 vertices
# 2112 texture params
# 2076 normals
# 2218 facets

# 1 groups
